battery_id,cycle,chI,chV,chT,disI,disV,disT,BCt,SOH,RUL,heat_gen,avg_heat_gen,deltaT,stress,cumulative_stress
B6,1,1.4594407565639158,4.198743573022888,26.521506720833617,1.9582103097140773,3.668568868792173,31.198080297611558,1.9936917393798117,99.68458696899056,209,0.8769844100783041,0.8769844100783041,2.1473292904383365,153380.66360273835,153380.66360273835
B6,2,1.4095727908095288,4.198196881236485,23.52926375145809,2.030742090337464,3.1871734738384454,34.7507101351634,1.979443419709658,98.9721709854829,208,0.8413274499384547,0.8591559300083793,2.060021883332372,147144.4202380266,300525.08384076494
B6,3,1.384877939984932,4.252227873391036,25.110688156563896,1.9910298974733789,3.561328162392183,34.57402881424763,1.9882766783577608,99.41383391788804,207,0.8990202833100217,0.8724440477755935,2.2012849542871713,157234.63959194085,457759.7234327058
B6,4,1.1835636920254076,4.152253594375154,30.295021467310864,1.885011411118498,3.915914977789629,30.35351001956314,1.979041641235256,98.9520820617628,206,0.6333285448060756,0.812665172033214,1.5507287462628283,110766.33901877348,568526.0624514793
B6,5,1.5586882165433276,4.275418537485454,25.088332674052094,2.005307446637889,3.340395090102468,34.754754542301335,1.9770444968012917,98.85222484006458,205,1.0669637209065426,0.8635248818078797,2.612500773569195,186607.1981120854,755133.2605635647
B6,6,1.26017701158976,4.2105033122222695,26.901204211485023,1.835841283831717,3.1052937220474366,30.56828606836092,1.9683462114271892,98.41731057135948,204,0.7544877654406843,0.8453520290800137,1.8473916518806675,131956.54656290484,887089.8071264696
B6,7,1.4959929463561965,4.1566009160239625,27.464685146943392,1.99585695335946,3.578285421065323,32.59985161986728,1.9670380856920036,98.35190428460017,203,0.8397313923599502,0.8445490809771475,2.056113876361937,146865.27688299553,1033955.0840094651
B6,8,1.4731510718571803,4.165171779318796,29.63787147988415,2.0131946582348323,3.804610269753937,32.554212117412575,1.9594466332505345,97.97233166252671,202,0.8371804909371732,0.838862806814129,2.0498678983500125,146419.1355964295,1180374.2196058945
B6,9,1.5028987055560463,4.142660588478994,27.839318125932543,2.13428537639315,3.880433920622499,34.46924716319897,1.9506690662575588,97.53345331287794,201,0.8233833417670999,0.8362993627896496,2.016085060027037,144006.07571621696,1324380.2953221116
B6,10,1.2752866577994066,4.213491239801563,23.093347827764827,1.9625258650759507,3.327102109906927,32.5713277962639,1.949930894995348,97.4965447497674,200,0.7686934511850914,0.8176812439146597,1.8821748073611668,134441.0576686548,1458821.3529907663
B6,11,1.5353129793424647,4.144390417684639,26.931174885149584,2.026144101866816,3.3304194609315494,31.50035935670756,1.9543251006892188,97.71625503446094,199,0.8472813922842661,0.848245936411544,2.074600334951142,148185.73821079588,1607007.0912015622
B6,12,1.332860652230271,4.255492190052877,24.350110955389493,1.8879307903769256,3.3959484981143744,31.52433190392373,1.9476377858917,97.381889294585,198,0.8647499090211581,0.8193582489993461,2.117372654753601,151240.90391097154,1758247.9951125337
B6,13,1.4986050552466523,4.121638503713339,28.98599864032537,2.052293313144184,3.321793028213521,30.36649661285874,1.938144267828088,96.90721339140438,197,0.789076790964202,0.8242995383598488,1.9320841809391225,138006.01292422306,1896254.0080367567
B6,14,1.387480920610279,4.230198002833883,28.94374829731948,2.084751831913981,3.766926935920887,33.427135578631805,1.9258009174025053,96.29004587012528,196,0.8703968444317154,0.8286803172272438,2.13119938835223,152228.52773944504,2048482.5357762016
B6,15,1.343201490818242,4.200791128835335,28.639799363514367,2.035584451138375,3.623191654746521,30.77516833919101,1.9290206823938127,96.45103411969065,195,0.7989567079857164,0.8232197768056071,1.9562755291131497,139733.966365225,2188216.502141427
B6,16,1.4583325874712794,4.2212801908975575,23.74122094660049,2.01084326710388,3.5903384150602697,29.856374534150127,1.9175936956866295,95.87968478433147,194,0.9090712650868046,0.8354609087084219,2.225895160944118,158992.51149600846,2347209.013637435
B6,17,1.4549349171716952,4.115476446023885,28.67586765942403,2.2414571452212857,3.750527837876071,31.23678485999069,1.9171847500808532,95.85923750404268,193,0.7526696815069291,0.8331717987543987,1.842940005034312,131638.5717881652,2478847.5854256004
B6,18,1.3984993556484764,4.236568438349543,25.45521947105817,2.0018125113020213,3.5704176529273632,36.83178225411475,1.911499664704006,95.5749832352003,192,0.8872966466355897,0.8388882636617306,2.1725791892448747,155184.22780320534,2634031.8132288055
B6,19,1.536648245793391,4.21909201360987,25.76079595479732,1.982348493453885,3.465749446844819,31.762395027581366,1.91100653546663,95.55032677333148,191,0.9629519803099595,0.8529171309887024,2.3578241173301464,168416.0083807248,2802447.82160953
B6,20,1.3753537335611683,4.09640413762182,24.895892248759164,1.9916724954164715,3.734397598846376,33.713423531066496,1.895964674546196,94.7982337273098,190,0.6776077631467107,0.8369929841576322,1.6591480766498652,118510.57690356183,2920958.3985130917
B6,21,1.3987593666609517,4.223304866252672,29.066854856845623,2.073912375168778,3.327935224985978,33.22557871965355,1.9004174326795955,95.02087163397977,189,0.8689345268977036,0.8367840816527734,2.1276188489074923,151972.77492196378,3072931.1734350557
B6,22,1.49337116964919,4.162647430412039,25.640426298617705,1.942627507149792,3.2642113227185976,30.275067424405417,1.8878459044496807,94.39229522248404,188,0.8470153558133762,0.8436496027710104,2.0739489346529134,148139.20961806527,3221070.383053121
B6,23,1.5528982336163637,4.129087037145167,25.68109550613715,1.8864971757327944,3.599633629659108,29.816482157210505,1.893699567444722,94.6849783722361,187,0.8351330067282263,0.8330869944340707,2.044854556307605,146061.03973625752,3367131.4227893786
B6,24,1.282837300907585,4.157237723248394,26.412627869872885,1.9483049440377944,4.122769205947039,32.82956740900404,1.8829329248666444,94.14664624333224,186,0.7017586146070889,0.8258139848769508,1.7182823441852084,122734.45315608635,3489865.8759454647
B6,25,1.5152736068039114,4.22665761252087,26.34978483821248,2.0003067092575577,4.134563694277644,35.14108595996067,1.8682602703345608,93.41301351672804,185,0.9587541673185925,0.8360222021173797,2.347545614441663,167681.82960297598,3657547.7055484406
B6,26,1.190097704429825,4.153260959656455,24.081352140724857,2.151140312647475,3.6881523997848458,34.249925117367475,1.8696214760160652,93.48107380080329,184,0.6385681058210464,0.7896816486189636,1.5635580083422775,111682.71488159128,3769230.420430032
B6,27,1.5832307333304751,4.137300812318862,27.69346785520021,2.058337175980761,3.428250541452015,33.316950207085554,1.8594545071702853,92.97272535851428,183,0.8678114546209544,0.8168536045438554,2.124868964226045,151776.35458757466,3921006.7750176066
B6,28,1.3419892217338274,4.226267202704441,27.103007646276748,2.069342082224558,3.570295372083878,31.278604329415288,1.8558803252594145,92.79401626297071,182,0.8323103687688541,0.8116215819540198,2.037943221172329,145567.37294088068,4066574.1479584873
B6,29,1.3366477289356014,4.158578556980126,28.176348718177294,2.1086781721502823,2.893522167669829,33.73477679963886,1.847827606191728,92.39138030958638,181,0.7380218873148601,0.7960510864542317,1.8070743304026113,129076.73788590083,4195650.885844388
B6,30,1.3352437626358593,4.192707014704608,28.627273447457043,2.084566969818768,3.1206903814138167,32.296712580161945,1.8461524333396435,92.30762166698216,180,0.7826852815873195,0.7885585542912451,1.916434329998368,136888.1664284549,4332539.052272843
B6,31,1.4517975551206397,4.1321015268298735,26.66123948105705,1.9430015969279872,3.575853909078428,33.217421773725945,1.849859784385165,92.49298921925823,179,0.7748640700893044,0.7990021907887045,1.8972837996771943,135520.27140551392,4468059.3236783575
B6,32,1.5128543669322478,4.248179565774374,26.29124649915968,1.939627561302244,3.1306214555004805,33.25290112067095,1.8446616335056265,92.23308167528133,178,0.9895268334330035,0.8033982859479061,2.422893644045124,173063.8317175089,4641123.155395866
B6,33,1.3121169722884685,4.214497507360374,26.454818675712684,1.8810567512754928,3.393775836932892,34.40866014863115,1.8286107262049611,91.43053631024809,177,0.7955964780353797,0.8258309105499537,1.9480478797820493,139146.27712728927,4780269.432523156
B6,34,1.397218684026591,4.286907141496306,24.690956659364836,2.0204831862184265,3.611865948927095,35.969199040889144,1.830185447127808,91.5092723563904,176,0.956693027456786,0.8385282780979296,2.3424988360199666,167321.34542999766,4947590.7779531535
B6,35,1.4230896006875784,4.251259958775381,24.57491778471908,2.1055383563429886,3.511085681854274,29.97887203447206,1.81858856947958,90.929428473979,175,0.9262551954196668,0.8519489676194743,2.267970660239838,161997.9043028456,5109588.682255999
B6,36,1.4220357733937616,4.156037123211271,26.283268655738983,1.8486345020271004,3.206647279191614,34.188973102470136,1.821936018539325,91.09680092696624,174,0.7900541050588172,0.8593821415828968,1.9344771712331439,138176.94080236746,5247765.623058367
B6,37,1.2478904102311668,4.229296321489625,24.777713893991265,1.9778020147750244,2.982655713722811,31.19386205268434,1.8218436461281988,91.09218230640994,173,0.769509937073819,0.8574999495095396,1.8841740037481787,134583.85741058423,5382349.480468951
B6,38,1.3735751844492237,4.167084443208723,28.64316116591216,2.1381388624023274,3.84159513152919,35.02615564826333,1.8188572335528763,90.94286167764383,172,0.7736452153472148,0.8573258274035267,1.894299388029278,135307.09914494844,5517656.5796139
B6,39,1.4685306252148882,4.16632618277777,24.749267008319805,2.046856060482701,3.3858965515742097,31.3153538440686,1.809428632444584,90.4714316222292,171,0.835775034552292,0.8353612847062822,2.0464265855661057,146173.32754043615,5663829.907154336
B6,40,1.225942804029224,4.1924674109293205,23.597122189122015,2.1426062013607328,3.0408711040448955,32.11610984512835,1.7998709923891525,89.99354961945761,170,0.7089423817602756,0.822982128095553,1.7358720680690676,123990.86200493343,5787820.7691592695
B6,41,1.3197699344265716,4.197225732698432,26.580109384191594,1.9579150955243985,3.671982785045608,36.38650350627537,1.794018795735292,89.7009397867646,169,0.7781490602257557,0.7974758470625487,1.9053272214960306,136094.8015354308,5923915.5706947
B6,42,1.155485313707655,4.215298291376089,25.89310491010193,1.9908217760094784,3.299452075564325,35.0689593871228,1.7897809308243464,89.48904654121732,168,0.6888798495773044,0.7635650833707827,1.686748203948143,120482.01456772452,6044397.585262424
B6,43,1.3744783136832104,4.133637792951801,24.175912887036358,1.9170726569049448,3.718475546184128,33.08740383983358,1.787339091992021,89.36695459960103,167,0.7282690868406818,0.7547386521967633,1.7831942318725431,127371.01656232454,6171768.601824749
B6,44,1.3529182736043783,4.2419807656208,25.556274869941603,2.1137284121764788,3.8914837954270585,32.03276386473623,1.7775220917753067,88.87610458876534,166,0.8613828316041579,0.7678633514153831,2.109128239143006,150652.0170816433,6322420.618906393
B6,45,1.502326961640085,4.260761374382413,27.076231502768977,2.067621570993658,3.074960234864869,32.57040450899755,1.777636158476828,88.88180792384141,165,1.000435972757999,0.8002620310454951,2.4496050817136044,174971.79155097177,6497392.410457364
B6,46,1.360315181708155,4.164884408228629,27.158819463475258,1.9714798671856992,3.299538272800195,31.16716662390203,1.7769007840769329,88.84503920384664,164,0.7619213358038142,0.7897115026528555,1.8655930283131834,133256.64487951313,6630649.055336878
B6,47,1.5513858420552706,4.185163836566711,28.12059593101795,1.9048206994496424,3.474862417933992,31.54381803319841,1.7718279054610075,88.59139527305038,163,0.9211521692918805,0.820027186585942,2.2554757089634645,161105.40778310463,6791754.463119983
B6,48,1.2158876945013144,4.204037566766255,28.35595100481766,1.9436411721139364,3.4840061259497395,28.290244153347484,1.7622756700501552,88.11378350250776,162,0.7163398769922542,0.8111973032668703,1.7539851131870388,125284.65094193137,6917039.114061914
B6,49,1.2592421581325186,4.295917884361884,28.58474071267185,2.0138306078236443,3.314562449997791,31.97953943103667,1.754711197314859,87.73555986574296,161,0.8614032796709007,0.8358435075659554,2.1091783070029875,150655.59335735627,7067694.707419271
B6,50,1.2394900281251104,4.172110296427249,28.367920783742385,2.0347137270559994,3.154276739852718,33.46778995214057,1.7470587541789484,87.35293770894742,160,0.6927194916842758,0.8307649939721832,1.696149711963963,121153.55085456882,7188848.258273839
B6,51,1.4325685920877158,4.184053958656693,29.475977238018004,2.0136447384675638,3.5378424760904896,35.975089185012074,1.7504138860150271,87.52069430075136,159,0.8370981920198366,0.8272957597458516,2.0496663863576243,146404.7418826875,7335253.000156526
B6,52,1.5875735152112331,4.173523195581601,27.420041131904316,2.033208053296978,3.716925671552328,30.564363471607905,1.7363030479479875,86.81515239739937,158,0.9281801607775488,0.8169735008915016,2.272684010270416,162334.5721621726,7497587.572318699
B6,53,1.3184842354003956,4.169900989330773,26.985560269832725,1.9200054209831596,3.1546244968960484,33.27771622061412,1.7322996730867457,86.61498365433728,157,0.7412450941616291,0.8140197520854752,1.814966473514472,129640.46239389089,7627228.03471259
B6,54,1.266308354945676,4.116116202011174,25.573452495472125,1.8929155238255249,3.1901835693677723,30.84146022173496,1.734783962780972,86.7391981390486,156,0.6391790027213776,0.7737378711468318,1.5650538123639273,111789.55802599482,7739017.592738586
B6,55,1.2423842672529304,4.144948956983463,26.269219570123663,2.1142737579294995,3.161583260426753,32.15759471784912,1.7220229822289987,86.10114911144994,155,0.6608438906130877,0.7658098730926653,1.6181011046638873,115578.65033313484,7854596.24307172
B6,56,1.4663455724305623,4.196422996466118,28.703381640566136,1.9677547512994904,3.5244395368186634,30.57763644039868,1.721311068229144,86.0655534114572,154,0.878439516565874,0.7682436212205186,2.1508921733648267,153635.15524034481,8008231.398312065
B6,57,1.3718811989666997,4.224549322658546,28.246299711375794,2.121548376915798,3.491622062766246,32.41234526068565,1.7166447901731363,85.83223950865681,153,0.8513634153714574,0.7909070388901159,2.0845953219071687,148899.66585051207,8157131.064162577
B6,58,1.3825039158866854,4.120980661615947,29.245684701542043,1.9835819530838303,3.972758781130153,31.041479628122023,1.704413891474968,85.2206945737484,152,0.7157996086175558,0.7735786698326473,1.752662245765047,125190.1604117891,8282321.224574366
B6,59,1.2528217182726336,4.2578479506331055,28.1358120170618,2.1012620584757933,3.556491097597408,33.34328674821366,1.7043983746458604,85.21991873229302,151,0.8087533860913259,0.7565177020203296,1.9802630636729635,141447.361690926,8423768.586265292
B6,60,1.3580812987456417,4.256792875744634,27.99593209391384,2.057786506933531,3.3812276497327347,35.32242323152522,1.7026685815692182,85.1334290784609,150,0.8852769288037785,0.7770936783977795,2.1676338342205113,154830.98815860797,8578599.5744239
B6,61,1.2914691732886672,4.223726284229471,25.14867312494501,2.001614868269936,3.5668363931197136,32.002085602033354,1.682214688407616,84.1107344203808,149,0.7931288351122243,0.7990865115964719,1.9420057633358048,138714.69738112894,8717314.27180503
B6,62,1.4297239137062974,4.161751702896205,26.003256620010507,1.9855501001288345,3.711038677090025,36.68263921866848,1.6905138406165063,84.52569203082531,148,0.803265184684965,0.8194324107495972,1.9668249962497908,140487.49973212794,8857801.771537157
B6,63,1.4935586765272828,4.186211253380412,29.69276866255421,2.1146951831658294,3.234854896736144,34.397866069728515,1.6826523292618762,84.13261646309381,147,0.8823352625276141,0.8199889458869887,2.1604310537777685,154316.5038412692,9012118.275378427
B6,64,1.3654055833952474,4.199778894684616,27.353720182497653,2.0162566104085617,3.2228353873194884,32.69342939213378,1.6920665459324349,84.60332729662174,146,0.8129041617671645,0.8144947668006611,1.9904263939264302,142173.31385188788,9154291.589230314
B6,65,1.4575433231073591,4.156258279133023,27.511001034424865,1.8919689345424155,3.331324679971998,36.54854365740911,1.6800098087315205,84.00049043657603,145,0.8137264860742298,0.8284843207230431,1.9924398859001846,142317.13470715607,9296608.72393747
B6,66,1.535283678381535,4.223495811326357,28.4261802587076,1.945935619714117,3.2634790737498616,31.75750434159089,1.6716649766187153,83.58324883093576,144,0.9687112929477866,0.8513354502739662,2.3719260107935587,169423.2864852542,9466032.010422725
B6,67,1.3743993666322571,4.197629709672573,26.99803214767562,1.8806975438377909,3.735969989689936,32.36045782145441,1.6643344994631846,83.21672497315923,143,0.8161701111213189,0.8414630477479005,1.9984231936741446,142744.5138338675,9608776.524256593
B6,68,1.2796908947513368,4.333785441133967,28.05623440398425,1.9300573891042097,3.6845768511226513,34.344860203655315,1.6583530511961029,82.91765255980515,142,0.9256820732727605,0.860399224627977,2.266567349121752,161897.6677944109,9770674.192051003
B6,69,1.401653627854188,4.1926955699073325,26.91896929658035,1.8938145064962115,3.704193194797492,28.72306962667677,1.653933621774757,82.69668108873783,141,0.8281128354616755,0.8639488890246501,2.0276654031010932,144833.24307864954,9915507.435129652
B6,70,1.2813975395711066,4.173596209940995,30.000461074011277,1.9771069488209685,3.1773465490986705,32.32807874871801,1.658728727974904,82.9364363987452,140,0.7218035939779142,0.84101579351755,1.7673632295858532,126240.23068470383,10041747.665814355
B6,71,1.4237528712579424,4.203346962534607,25.10056842979179,2.0529507837963066,3.345267386459764,34.16547188148125,1.645794240148629,82.28971200743145,139,0.8585367398366773,0.8475347332417661,2.102159476477042,150154.24831978875,10191901.914134143
B6,72,1.3973489798428784,4.145829053814109,25.41127106894008,1.9412794015906432,3.346117262260551,31.11936689574505,1.647784881653437,82.38924408267185,138,0.7596596655342156,0.8398109017360499,1.8600552436508666,132861.08883220478,10324763.002966348
B6,73,1.5538687839120608,4.214630191728475,26.395561256399137,2.032276575109942,2.844288125462093,33.87783540872946,1.6334920010541407,81.67460005270704,137,0.9686833640187009,0.8398069118890376,2.371857625760955,169418.40184006825,10494181.404806416
B6,74,1.3881408296101536,4.159423282022876,26.71048274873391,2.022435665377608,3.3959592434925567,35.235678161066744,1.6318227081832548,81.59113540916275,136,0.7726296632476074,0.8335868479070788,1.8918127705428185,135129.48361020134,10629310.888416618
B6,75,1.5688148536019313,4.239806751223552,28.010901520036587,1.984596063810883,3.5580158680302145,31.96984215859117,1.6338869310617368,81.69434655308685,135,1.0191394525358548,0.8469379020875208,2.4954012549392206,178242.94678137294,10807553.83519799
B6,76,1.4408157364452832,4.176620555217026,28.01761812282742,2.208904757126531,3.594623971429495,32.29415770051825,1.6226679595853688,81.13339797926844,134,0.8320388953171641,0.847498767781162,2.0372785082222573,145519.893444447,10953073.728642438
B6,77,1.3220847433952387,4.228852319659487,27.696976419477107,1.9711028677593283,3.6873327055773233,35.70176172979938,1.6125537343484802,80.62768671742401,133,0.8215411481412814,0.8617469898045004,2.011574379693477,143683.8842638198,11096757.612906257
B6,78,1.2562080597812706,4.23505685162787,28.282934761313832,2.071575685434067,3.6120532307136974,31.73033665680634,1.6134475394923522,80.6723769746176,132,0.7826068377182809,0.8508998609304435,1.9162422572366333,136874.44694547384,11233632.05985173
B6,79,1.4465004011366926,4.13699732737043,26.243308361985424,2.048224640058813,3.337308071832743,33.15281638358506,1.6037648881122113,80.18824440561056,131,0.7785822480711928,0.8536030870071546,1.9063878982173945,136170.56415838536,11369802.624010116
B6,80,1.37206526275629,4.205698002892907,29.775045929374027,2.066906519263013,3.4882295524495444,32.922494947868614,1.5981491970913244,79.90745985456623,130,0.8256300791829616,0.8331669034591919,2.021586281035712,144399.02007397948,11514201.644084096
B6,81,1.3115819030688862,4.166150317405012,26.017863385461585,1.9229605599053592,3.4001356735651456,30.44801268494638,1.5958048116962749,79.79024058481374,129,0.7318116166102764,0.827335753939573,1.7918682491630227,127990.5892259302,11642192.233310027
B6,82,1.3681113005094228,4.211099885884834,26.02246375303678,1.9891290848440963,3.845965836772918,33.58686078936494,1.591833071521248,79.5916535760624,128,0.8302625267088283,0.8003533359642836,2.0329290029181046,145209.21449415036,11787401.447804177
B6,83,1.4143459673591772,4.256232674851196,25.83867260999383,1.996163543771508,3.612151946568103,34.17165296560604,1.582940244451192,79.1470122225596,127,0.926731656666159,0.8138808732998545,2.2691372935101604,162081.2352507258,11949482.683054904
B6,84,1.3970256017480218,4.264174166737938,24.743490067191207,2.0298165434764543,3.813357111403066,33.33424765411235,1.582638728888567,79.13193644442835,126,0.9247833920135157,0.8286297652816021,2.264366894280631,161740.49244861657,12111223.17550352
B6,85,1.51669160718367,4.178326621784675,26.84649319397712,2.0718089603321794,3.774116062413351,31.99391872844328,1.5789535227518106,78.94767613759053,125,0.8864987129444303,0.8434714617424807,2.170625418610912,155044.6727579223,12266267.848261442
B6,86,1.2740562300325686,4.2087788925789695,28.87352924263803,2.059488010812475,3.59314994073439,32.01195901765654,1.565444291021072,78.2722145510536,124,0.761838267209243,0.8410794644764878,1.8653896317371572,133242.1165526541,12399509.964814097
B6,87,1.4118516818332365,4.201462321857106,25.923716047572903,2.126467097919156,3.4734728508977644,33.56445814712283,1.5619209491132704,78.09604745566352,123,0.8475231844946278,0.8442070509495829,2.0751923722662218,148228.02659044444,12547737.99140454
B6,88,1.2626025862865866,4.140799912878558,26.50102775797894,2.1075247958300456,3.652465359769996,34.82366453014499,1.5538701404742656,77.69350702371328,122,0.6681466803981996,0.8351120600621434,1.6359822599356038,116855.875709686,12664593.867114227
B6,89,1.53689671463372,4.225331917827443,26.686220782122884,2.0893022767694243,3.476923347226775,34.20912277007766,1.5598435036686684,77.99217518343342,121,0.972724504402863,0.855463771161291,2.3817525098819963,170125.1792772855,12834719.046391513
B6,90,1.45584118241836,4.228497383010638,26.31376796037456,2.106628665712204,4.018575807328447,32.977852678712615,1.552316484549933,77.61582422749666,120,0.9177714033769864,0.8541837349771236,2.2471977765512796,160514.12689652,12995233.173288032
B6,91,1.291358932054308,4.162653016998197,27.36171820892408,2.0607349937091675,3.1792559407560588,33.03203161128974,1.5400353993162703,77.00176996581352,119,0.7141836583402463,0.8240980587380852,1.7487055307739006,124907.53791242148,13120140.711200453
B6,92,1.4425684144900353,4.2276358234443645,28.619827847010125,1.9765472298032705,3.3633335327304485,33.385760946576035,1.543264027350597,77.16320136752985,118,0.9068210273881814,0.827001246515764,2.2203853693615394,158598.9549543957,13278739.666154848
B6,93,1.594096277087957,4.30984617672819,27.268867604149055,1.9685728653269068,3.395768363420369,34.622529799642976,1.530011351291587,76.50056756457934,117,1.1500335257625292,0.8824577120233761,2.8159003130231857,201135.73664451332,13479875.402799362
B6,94,1.333554283196314,4.187996593588622,27.012820397749,2.0794738365930567,3.4502964779186343,31.53601236160328,1.5347260407041552,76.73630203520776,116,0.7752556394015038,0.8721337770100729,1.8982425718556504,135588.7551325465,13615464.157931909
B6,95,1.280377516146295,4.235862870075588,24.854596668165296,1.825096678476215,4.020897514392017,31.065412063624624,1.519869538006151,75.99347690030757,115,0.8008624314521122,0.8910931700177745,1.9609417646491978,140067.26890351417,13755531.426835423
B6,96,1.5842487873401592,4.2154605789806325,27.25243255815672,2.048591160342698,3.3119512652066336,30.08992767047902,1.5319183977671529,76.59591988835763,114,0.9923068925849367,0.8938906540437852,2.4297007233700167,173550.05166928694,13929081.47850471
B6,97,1.5224453170322167,4.1801097969128405,25.16214677322837,1.8012103379134263,3.751477765686817,35.72100036827879,1.518325893437371,75.91629467186854,113,0.8931896940059753,0.8903789812764977,2.187008537227514,156214.89551625104,14085296.37402096
B6,98,1.3032798048868115,4.2348100420161865,30.77581974114757,2.1398842165321885,3.370099278079947,35.20665782931148,1.5111605447467764,75.55802723733882,112,0.8159048046981692,0.9049105736133439,1.9977735809252477,142698.11292323202,14227994.486944193
B6,99,1.4172034551536334,4.128658850443975,26.179615233690143,2.0569844298322533,3.244691832283352,32.09592739720584,1.5070765126856986,75.35382563428493,111,0.748089398262344,0.8822346265953672,1.831725009355286,130837.50066823474,14358831.987612428
B6,100,1.3402821344314395,4.159148965345209,27.23768776937001,1.9727435149657089,3.54507585017148,34.26498870049129,1.5045283202537496,75.22641601268748,110,0.7411340892861904,0.8238204213844618,1.8146946739047278,129621.048136052,14488453.03574848
B6,101,1.5046226980439714,4.197848889986789,26.6445086879762,1.8610807111458436,3.688315210710429,36.312409109596096,1.494853060893935,74.74265304469675,109,0.9075470025129565,0.8427191875432405,2.2221629467410735,158725.92476721958,14647178.9605157
B6,102,1.442701548494342,4.204014272471411,29.55620112789698,1.987801030191409,3.089285157153915,29.68975845511282,1.485945140543233,74.29725702716165,108,0.8728393144197113,0.8530015993957548,2.1371798679205862,152655.70485147048,14799834.665367171
B6,103,1.4979512986207637,4.2104080315505685,26.804197577606352,2.2892325794275603,3.4455161954827367,33.6202367358652,1.4862128632667857,74.31064316333928,107,0.9216364402004158,0.8429058204836803,2.2566614644848335,161190.10460605955,14961024.769973231
B6,104,1.320822366413852,4.271846931949596,27.72251109805742,2.010931177541122,2.9548986432833386,34.86987067432986,1.4797449733887331,73.98724866943665,106,0.8774282385375021,0.8406541839881843,2.1484160211024323,153458.28722160234,15114483.057194835
B6,105,1.4238831405392334,4.1618892227845405,26.436268156184692,1.802170554981288,3.062215095239921,30.728353645866573,1.4697368952033345,73.48684476016672,105,0.7995973009735078,0.8383245405989469,1.9578440451211037,139846.003222936,15254329.060417771
B6,106,1.4853077131045598,4.255064252847089,26.40156088477778,2.0653524932985152,3.3585521613149307,32.28844663400681,1.4658001433120569,73.29000716560284,104,0.9788709462049534,0.8712933331621767,2.396802303654755,171200.16454676827,15425529.22496454
B6,107,1.3977519696177203,4.201463010788432,27.330645000582184,2.1914180952905595,3.756391920954206,35.05835159579241,1.47240975449043,73.6204877245215,103,0.8376806508198777,0.8850856990955606,2.0510925586218383,146506.61133013133,15572035.836294672
B6,108,1.4756846007572728,4.121526649961625,26.77064886824957,1.9409273496304824,3.8940973866053534,32.21510170671965,1.46770721756399,73.3853608781995,102,0.7744755390210218,0.8660754900252844,1.8963324667531647,135452.31905379752,15707488.155348469
B6,109,1.5598648702996396,4.095767316797399,26.62717381388629,2.050751668908607,2.9656019525319874,32.09760670009732,1.4563227664707856,72.81613832353928,101,0.7876660232366552,0.8539078769991334,1.9286298631330674,137759.27593807626,15845247.431286545
B6,110,1.3768899568993225,4.155159820765068,26.41715489539754,1.9060480894427636,3.790709436952509,33.974622001161976,1.439642610680267,71.98213053401335,100,0.7594128027342324,0.8307330716468214,1.8594507908065154,132817.91362903683,15978065.344915582
B6,111,1.32845323299697,4.277703111691127,27.96925602258392,1.90009981953235,3.107459765726875,37.08645693790039,1.4564163490402506,72.82081745201253,99,0.8909867258966946,0.8326699984124204,2.1816144870111165,155829.60621507978,16133894.951130662
B6,112,1.2821076302694114,4.246207412434137,26.229406407191192,2.0220462556668037,3.1103684182993643,35.884718452742206,1.4356319223009322,71.78159611504661,98,0.815362689483171,0.8349221967709438,1.9964461914453662,142603.29938895477,16276498.250519617
B6,113,1.4808655218083038,4.161982238283018,25.65645798331037,2.0323614676694493,3.280635498205768,31.9918125729829,1.4321881810477588,71.60940905238795,97,0.8376409569187903,0.8147464840157775,2.0509953666130896,146499.66904379215,16422997.919563409
B6,114,1.6052689949094283,4.359233380414973,30.48706276937112,1.9310441866653976,3.454001595468677,33.610049181100976,1.4273689333241817,71.36844666620907,96,1.238629104210715,0.872024834500183,3.032829916809564,216630.70834354032,16639628.627906948
B6,115,1.4775782854925317,4.2429937093528345,28.957435332166067,1.702437930831191,4.06443853586633,31.71956506798377,1.428896799076735,71.44483995383675,95,0.9551423453819244,0.8978343782660261,2.3387019326756864,167050.13804826335,16806678.765955213
B6,116,1.4200929233557418,4.146246258305896,27.70682438722497,1.849622336399725,3.620461006314837,32.26817284773819,1.419710985866033,70.98554929330166,94,0.7748776272617355,0.8960074645553233,1.897316994923452,135522.64249453234,16942201.408449747
B6,117,1.452139044406868,4.112999872206631,25.517312710680464,2.233807005092288,3.3665427454515218,34.72792889974552,1.4096515518839028,70.48257759419513,93,0.7473427860666576,0.8942831764599555,1.8298969013319601,130706.92152371147,17072908.32997346
B6,118,1.2843448529288186,4.20272390316597,26.06965098484657,2.0825773988515546,3.592609108403752,35.54339059063948,1.41575001070564,70.78750053528199,92,0.7611387765626318,0.8757334694122323,1.8636769025978541,133119.7787569896,17206028.10873045
B6,119,1.3750820519668254,4.173450903227453,27.38568809130931,1.961008187185576,3.57510175581,32.831042747899126,1.3989715623048742,69.9485781152437,91,0.783393384990443,0.8711664259132711,1.9181681477957109,137012.01055683653,17343040.119287286
B6,120,1.00085870522847,4.319364235738101,27.772925989960704,2.027613449887893,3.238232501537246,31.607655804053078,1.398155103098213,69.90775515491063,90,0.6900163573938695,0.8500771974097111,1.6895309860538186,120680.78471812991,17463720.904005416
B6,121,1.45903565922874,4.17827560953486,26.471129081628906,2.128756930783044,3.368914352095032,32.105563605926825,1.398692962571824,69.9346481285912,89,0.8468361230937949,0.7941067715358653,2.073510076602372,148107.8626144552,17611828.766619872
B6,122,1.237217682527747,4.18993045249729,28.954549938307323,2.034022302278796,3.3025926092722244,32.576784511361495,1.3893191971423122,69.4659598571156,88,0.7133001506156201,0.7595578865692503,1.7465422289026062,124753.0163501862,17736581.78297006
B6,123,1.4429281992886502,4.1381948302554745,27.794459931059823,1.980639747478066,3.696160031407039,36.88847717991699,1.3889558088336358,69.44779044168179,87,0.7780266025392943,0.7600077401803301,1.905027379248032,136073.3842320023,17872655.167202063
B6,124,1.324151736348748,4.1711959885660495,27.41410326534544,1.710043526397333,3.3364277745281776,32.23884961344939,1.3714511878626312,68.57255939313156,86,0.7466714338815773,0.7599118327253187,1.8282530702733282,130589.50501952347,18003244.672221586
B6,125,1.186304961841737,4.172050081695394,25.20730797541608,2.0190856608629213,3.68678697855412,30.967043403868576,1.3760667107136326,68.80333553568163,85,0.6585077165273658,0.7452502527202808,1.6123808946074902,115170.06390053504,18118414.73612212
B6,126,1.327143020316801,4.227005412730028,25.417923087716478,1.936273379149536,3.930037448654464,32.004981847904524,1.3739363182204702,68.6968159110235,84,0.8227031569201236,0.7508659344245209,2.014419601863768,143887.1144188406,18262301.850540962
B6,127,1.6362464645766588,4.20733411639164,26.573895954077777,2.0435510599603592,3.1940621691008504,36.045300279663,1.3703740309889212,68.51870154944606,83,1.0175348288037165,0.7976542874830704,2.4914722734196455,177962.30524426044,18440264.15578522
B6,128,1.3825406810519778,4.243008747444774,25.488139716892544,2.181571661942934,3.399092163699294,34.38703752193488,1.3650556335660002,68.25278167830001,82,0.884530994942936,0.8030392691758049,2.1658073871255468,154700.5276518248,18594964.683437046
B6,129,1.40923117631433,4.160571822578058,28.221091978971007,1.978562271462228,2.924676242943329,32.96590216267533,1.3510749148348302,67.55374574174151,81,0.7880674468896504,0.8137203115006663,1.929612764035347,137829.48314538196,18732794.166582428
B6,130,1.3613246180171357,4.20479715939114,25.307819471402123,2.0607580819874123,3.055389945996562,33.51487411588472,1.3515899480684384,67.57949740342191,80,0.8169171302776441,0.8192761011775734,2.000252298155891,142875.16415399223,18875669.33073642
B6,131,1.3676654969323574,4.242165290741459,28.743706839691,1.9189734388118789,3.33766963503683,34.4320197734745,1.342840465764784,67.1420232882392,79,0.8724363855863401,0.8372425228496824,2.1361932815275817,152585.2343948273,19028254.565131247
B6,132,1.4556630326655493,4.236196406203679,26.92391772848554,1.9560593154437904,3.4618308463548155,35.429442737405424,1.3415461554709047,67.07730777354524,78,0.9288481272856506,0.8758625815294373,2.2743195513717116,162451.39652655087,19190705.9616578
B6,133,1.3494656670587115,4.226876837522068,28.894010692296757,1.996640928759858,3.47762322191067,36.876673004447255,1.3362878352617371,66.81439176308686,77,0.8384762340644172,0.8781158782643363,2.053040574098908,146645.75529277918,19337351.71695058
B6,134,1.407782894784279,4.164052915773026,25.352379392846665,1.9619624482186224,3.681796095944758,32.1384701449904,1.3381014616784892,66.90507308392446,76,0.7920154446193399,0.8458988233808541,1.9392795848660498,138519.970347575,19475871.687298156
B6,135,1.502851895102031,4.318645803290077,23.213670182744757,1.988587579206064,3.32602813988085,32.74686405528564,1.323708811244544,66.1854405622272,75,1.0878324851742343,0.8749418934138965,2.6635987272526207,190257.05194661583,19666128.739244774
B6,136,1.330036485693085,4.161609892704647,25.54275610738281,2.132601906589763,2.992855588675993,36.38796841272881,1.325642023699261,66.28210118496305,74,0.7377877931832879,0.8677590857415591,1.8065011421227883,129035.79586591347,19795164.535110686
B6,137,1.4397476060109942,4.114753684925297,28.101627782511564,1.9990151735877764,3.2152236337990616,30.26370087660979,1.3225418787333645,66.12709393666822,73,0.7422417467864418,0.8570911738142445,1.8174068149265405,129814.77249475292,19924979.307605438
B6,138,1.3515351433096,4.169392497147025,25.98280661662356,2.0307871311361696,3.715241658910263,31.556354238064262,1.31647463555362,65.823731777681,72,0.7622657629521183,0.8413525134379272,1.866436371131455,133316.88365224682,20058296.191257685
B6,139,1.4595012162822292,4.262850455254903,26.62582559917829,1.974530522983308,3.446662773617162,30.792324750857368,1.3033931137174728,65.16965568587364,71,0.9705909900525891,0.8473157795474898,2.376528519805018,169752.0371289299,20228048.228386614
B6,140,1.3614247496146128,4.191243012083091,26.00168153775648,2.151812853922052,3.4178250766635787,33.465531367263,1.2927112270903618,64.63556135451809,70,0.7985338091455749,0.841609718844798,1.9552400454079752,139660.00324342682,20367708.231630042
B6,141,1.3694142281323107,4.214451737054068,25.969918872219168,2.062727027149336,4.242452409667309,35.19922230367837,1.2993476403044997,64.96738201522497,69,0.8357682013840075,0.847860112668322,2.04640985429673,146172.13244976645,20513880.364079807
B6,142,1.593459728398379,4.237801988431178,26.60888283376793,1.9551776958333456,3.281038684166179,29.396196589569545,1.2932121203288605,64.66060601644303,68,1.0347037838395732,0.8402702981919418,2.5335111051377854,180965.0789384133,20694845.44301822
B6,143,1.2338954694631326,4.270213430274707,26.14840972156893,2.0408237425059044,3.707581268650635,32.98894024931837,1.283225135446575,64.16125677232874,67,0.8101586303123072,0.8506089892103732,1.9837038569655863,141693.13264039904,20836538.57565862
B6,144,1.4565461933081216,4.257648470272232,28.645470073222075,1.9234266822981332,3.773112190344709,34.1978225526421,1.27794783261294,63.89739163064701,66,0.9607476335059436,0.8818241158845878,2.3524266913278704,168030.47795199076,21004569.05361061
B6,145,1.3248638447364134,4.217149553042231,26.45659898448599,2.2053098916978167,3.704337236169372,33.3139288436851,1.273851071759564,63.6925535879782,65,0.8080212396435299,0.8883606125547894,1.9784703755770574,141319.31254121842,21145888.36615183
B6,146,1.3725282261268892,4.193688080331797,28.767363292592727,2.0379281541097978,3.360773298577811,34.77840940956363,1.2725635930293389,63.628179651466944,64,0.8094691863638421,0.8653432120278255,1.9820157275443095,141572.5519674507,21287460.918119278
B6,147,1.516117140440478,4.117690070486323,27.759859708325543,1.9225091708372983,3.600015892035966,31.98958848633407,1.2539073780666588,62.69536890333293,63,0.7941698581037244,0.8647197904504184,1.944554747258413,138896.76766131524,21426357.685780592
B6,148,1.2750044460389316,4.248653254054969,26.548805947132948,2.07594704240504,3.4758977199175094,31.238890272293677,1.2648887804118405,63.244439020592026,62,0.8133298818731458,0.861514316234581,1.9914687856070536,142247.77040050385,21568605.456181098
B6,149,1.428454841855366,4.218535761006067,26.88961170855464,2.0622775917672143,3.4780821359602805,32.59832248099973,1.256722319408052,62.8361159704026,61,0.8835387449496761,0.8399193106788813,2.163377825722313,154526.9875515938,21723132.44373269
B6,150,1.3876454673315888,4.301317772451538,26.429775600471867,1.9378862949249955,3.0566252255297144,32.20529126922373,1.2528465532628377,62.64232766314189,60,0.969205077378718,0.8626402316883687,2.3731350605320904,169509.64718086363,21892642.090913553
B6,151,1.0993589331034874,4.19101175770619,24.98649586142523,2.012338049180989,3.231594295175778,33.51821230589121,1.2482728388121576,62.413641940607874,59,0.6243994665587553,0.814590493553056,1.5288655625656695,109204.683040405,22001846.77395396
B6,152,1.345199148978945,4.230589503108377,28.15629407174904,2.03136808151545,3.5607012218906897,32.65949633353305,1.24803296106419,62.4016480532095,58,0.8404178005675077,0.8192185736850527,2.0577945726575004,146985.32661839292,22148832.10057235
B6,153,1.3882603152140325,4.168170738129258,27.215094581495677,2.0631670441395773,3.462869407577467,31.91360635720984,1.2279985579572708,61.399927897863535,57,0.7848515256851814,0.8157017650166727,1.9217384600924965,137267.03286374977,22286099.133436102
B6,154,1.3374426220966624,4.172355787499383,24.472545624427323,1.922695917770994,3.423898572814285,36.61833963737419,1.22494928818536,61.24746440926799,56,0.7569614567137637,0.8103862791038211,1.8534485779390346,132389.18413850252,22418488.317574605
B6,155,1.359262437519556,4.164735573168737,26.92856975069345,2.15030369991928,3.0805378629157154,31.3836355820536,1.230636019396659,61.53180096983295,55,0.7610292141709973,0.8029147551463713,1.8634086349639216,133100.6167831373,22551588.934357744
B6,156,1.2181308452179778,4.1568717544002265,26.336864737130995,2.0858389218556126,3.8604410786891625,35.55312794461363,1.2154246550519785,60.77123275259891,54,0.6603985692687705,0.7710375871919563,1.6170107186144655,115500.76561531899,22667089.69997306
B6,157,1.4060319941082722,4.256910692482469,24.89796457510963,1.9594505580695945,3.9301053875450127,33.937456937265004,1.2139106285100936,60.69553142550468,53,0.9214190692832704,0.7642110146068922,2.2561292236240935,161152.087401721,22828241.787374783
B6,158,1.2579799462454917,4.200997407158742,28.052775647659917,2.112105383188992,3.379103123485445,32.63258830519224,1.2068010006054275,60.340050030271385,52,0.741020639487592,0.7808711821681548,1.8144168878087323,129601.20627205234,22957842.993646834
B6,159,1.4440956928129944,4.2026090553875886,26.179994122747143,1.9929303351211292,3.784132211670345,33.68932369339694,1.2013116828360084,60.06558414180042,51,0.8717944379540972,0.7853535589376676,2.1346214486217727,152472.96061584094,23110315.954262674
B6,160,1.3947815897651994,4.255167051121603,27.270562306372614,1.954967895607612,3.6044541528555873,35.61767681743509,1.1916174147216798,59.58087073608399,50,0.9105158799690026,0.803305609549642,2.229432354780517,159245.1681986084,23269561.12246128
B6,161,1.4693781986082646,4.202813977313647,27.32080224257261,1.992818222748372,3.71297626659774,33.19973554260853,1.1994798407171028,59.97399203585514,49,0.8899589565583517,0.8223052523845832,2.1790979551564154,155649.85393974397,23425210.976401027
B6,162,1.4031000801352125,4.267283097083567,26.97852512261437,2.054646283014356,3.830839321844669,31.46492837478633,1.1881908996748958,59.40954498374479,48,0.9337632474185847,0.8469815428485241,2.28635440775705,163311.0291255036,23588522.00552653
B6,163,1.4368517465608446,4.198097559501649,27.834165332381357,2.116274504338361,3.633207768460618,29.775905629543416,1.1867854834221272,59.33927417110636,47,0.8602103542392852,0.8755260835585977,2.106257384246347,150446.95601759624,23738968.961544126
B6,164,1.5958765006245788,4.177336626816371,27.50876619307275,1.987225543634663,3.628095909550876,32.17107548163644,1.180030226495947,59.00151132479735,46,0.9400478319908525,0.8781873353739665,2.3017424492948266,164410.1749496305,23903379.136493757
B6,165,1.4943346346001365,4.201166243289489,27.660727824385763,1.7787574432197426,3.067807390452614,34.23919607915551,1.1693012025917189,58.46506012958594,45,0.9052225950515077,0.901644757597383,2.2164715477064694,158319.39626474783,24061698.532758504
B6,166,1.4554096483063272,4.264649319747404,30.18638091831528,1.9644684301817417,3.557073454390972,34.358232709406124,1.1730940024318133,58.654700121590665,44,0.9700712749767962,0.9156843057434829,2.375255977907913,169661.14127913667,24231359.67403764
B6,167,1.4648177616337268,4.147844984185746,28.162166427862456,2.126008286559423,3.681719896909319,33.156996305819256,1.1765772672513768,58.82886336256884,43,0.8062096625296913,0.900783417537867,1.974034660923833,141002.47578027382,24372362.149817914
B6,168,1.372694631725157,4.114980353252761,26.408251481636853,1.824941564314018,3.4294684768044403,34.36350523469164,1.1545055676608569,57.72527838304284,42,0.7015416418191691,0.8738666582894125,1.7177510781588412,122696.50558277439,24495058.65540069
B6,169,1.4532834338369505,4.23649513658652,25.291547489610064,1.9641195784339984,3.606328485702812,34.79381852557975,1.1611852079874214,58.05926039937107,41,0.9275217860698262,0.8729750209538755,2.271071955052866,162219.42536091903,24657278.080761608
B6,170,1.3937685163555609,4.2678608653492,28.42757361369485,2.003523828025108,3.5999203224332144,32.51502686124807,1.1462214343525643,57.311071717628224,40,0.927447943197018,0.8825803908049802,2.270891148003335,162206.51057166682,24819484.591333274
B6,171,1.195716646000875,4.232498679642986,25.596943141064703,2.044117115195342,3.514314410462105,31.724302747311956,1.1443326294183584,57.216631470917925,39,0.7367992160492561,0.8535448742418951,1.8040805738534225,128862.89813238736,24948347.48946566
B6,172,1.3796248166228808,4.119802061251684,26.83746515861842,2.0058044193306364,3.2886966571720198,33.429903574222706,1.1415208462361093,57.076042311805466,38,0.7124048661971815,0.8259994844055626,1.7443500913538728,124596.43509670523,25072943.924562365
B6,173,1.4359357604406489,4.176529445977706,27.342760099980687,1.9231084228683468,3.2027894506988304,33.0834063241411,1.1348569192397953,56.742845961989765,37,0.8285994779502164,0.8057892276874797,2.028856965525244,144918.3546803746,25217862.27924274
B6,174,1.3539261169595609,4.177306649887755,27.817572084752584,2.0426145553668293,3.488360900230923,31.26078474378797,1.1290668251595857,56.45334125797928,36,0.774556054194468,0.8012672836395909,1.8965296111815932,135466.40079868527,25353328.680041425
B6,175,1.375840492547265,4.17681772976769,26.439767518270504,2.025055030744323,3.949792242388096,34.88079900624092,1.1292233456324128,56.46116728162064,35,0.7885307344441356,0.8136942968717289,1.9307471410256436,137910.5100732603,25491239.190114684
B6,176,1.1193060701165851,4.220077358250894,27.98654380085008,2.0016843314338923,3.887903152784765,33.16693258072751,1.1171388133571434,55.85694066785717,34,0.6698249695224113,0.7768804659363838,1.64009161393646,117149.40099546146,25608388.591110148
B6,177,1.515667633862715,4.199035148599746,25.448293311284782,2.015986721249332,3.083932509398745,31.433289903662978,1.1143013651733022,55.71506825866511,33,0.9171788092362355,0.7754134467991293,2.2457467875243906,160410.4848231708,25768799.07593332
B6,178,1.3903040889127465,4.231268228465463,29.83169878593911,2.0891815587856897,3.77523852768523,30.66888125288974,1.1061723786680957,55.30861893340479,32,0.8739305725202886,0.7950036405807053,2.1398518543959084,152846.5610282792,25921645.636961598
B6,179,1.5695332661270152,4.2282133875569325,27.29830391872228,1.8531923263905492,3.646624263821974,33.07863828716171,1.1088577789920502,55.44288894960251,31,1.0014889105278004,0.8363013611993652,2.4521832394187126,175155.94567276523,26096801.582634363
B6,180,1.5233533513024764,4.224757727853276,25.47708871668337,1.9454801826982355,3.3124729763408256,31.378263947004296,1.1035742572961402,55.17871286480701,30,0.9618338236518742,0.8553348391567448,2.355086268725756,168220.44776612544,26265022.03040049
B6,181,1.3886098752979683,4.261243085996495,28.27319329340253,1.9247238059659304,2.882495702422458,33.23703959124201,1.0926257182382857,54.63128591191428,29,0.9143243086616919,0.8753017326520626,2.238757435578279,159911.24539844852,26424933.275798935
B6,182,1.384956095762501,4.199300465411805,28.07717864220756,2.105070492381633,3.4816723178920146,34.532818765500075,1.0953768107810185,54.76884053905092,28,0.8257764602924127,0.8806225506303879,2.021944700684088,144424.6214774349,26569357.89727637
B6,183,1.5348376873087852,4.229468999669398,30.648762795720597,2.1011013720255898,3.2956085682916987,36.62284220511847,1.084648772838101,54.23243864190504,27,0.9775498458011107,0.9245832472416307,2.3935675396610283,170969.10997578778,26740327.00725216
B6,184,1.522806477855713,4.142812361310582,26.432450431868837,1.945737469748796,3.137244836841215,31.758773324628272,1.0795034388762872,53.97517194381436,26,0.8366433021082905,0.9130781747947811,2.0485525713116983,146325.18366512135,26886652.190917283
B6,185,1.3008518681593102,4.254189461628967,25.4253546775626,1.9988834976256304,3.329781140966084,31.648197003453333,1.0765031219167875,53.825156095839375,25,0.839373487276794,0.9081414483314248,2.055237532313598,146802.68087954275,27033454.871796828
B6,186,1.4197834372691918,4.269468973051433,27.904167553269204,1.957065669017629,3.873659856016075,30.33588821999661,1.0647592415968825,53.23796207984412,24,0.9496275665891946,0.9007326849116241,2.325198789523051,166085.6278230751,27199540.4996199
B6,187,1.536469716486811,4.168072853603933,27.947603388810883,2.099961011762938,3.7929931523926657,28.42350346916917,1.0634756822467868,53.17378411233934,23,0.8844315079496814,0.8896752112398822,2.1655637894832416,154683.12782023157,27354223.627440132
B6,188,1.419838139909383,4.130763333670108,27.274116295566365,1.9722769331853176,3.3521997801305394,32.03947731763635,1.0611424014182478,53.05712007091239,22,0.7527300344672249,0.8665903149263869,1.8430877815260243,131649.1272518589,27485872.754691992
B6,189,1.4762188158571516,4.205276886998025,25.589415594584946,2.0277505584404563,3.918817200188356,35.28344586768572,1.0552707164550077,52.76353582275037,21,0.8984447872645602,0.8769715044938365,2.1998758305892476,157133.98789923202,27643006.742591225
B6,190,1.41412479541992,4.12786972058825,27.17378029535114,2.018517482762487,3.041573260427853,33.412001032532764,1.0476976417039694,52.38488208519847,20,0.7450436066847373,0.8437563274772117,1.824267274198305,130304.80529987896,27773311.547891103
B6,191,1.3183690214628605,4.18569395157673,27.81634811629527,1.8213178214090435,3.296626505066659,33.81032508672092,1.0463496746703902,52.31748373351951,19,0.761990641043349,0.8330916616107916,1.8657627247970932,133268.76605693527,27906580.31394804
B6,192,1.4683324924577197,4.200526605707124,25.617010889365424,2.082785283694402,3.838423046761232,30.801339950300992,1.0313296319858247,51.56648159929124,18,0.8858595000878411,0.8397325205837983,2.16906028190608,154932.87727900574,28061513.191227045
B6,193,1.346655766518194,4.197846089470055,28.605770711076072,1.9193869496068043,3.6020504783306926,31.759796542978407,1.0361646177036912,51.80823088518456,17,0.7973710299681509,0.8179815867807921,1.9523929368878006,139456.63834912863,28200969.829576172
B6,194,1.3935184889580248,4.220123257033463,25.86202162077434,2.2271365256647107,3.3916910674237184,33.60702779300863,1.0270428121751718,51.35214060875859,16,0.8607339397479474,0.8145962198948301,2.107539403043807,150538.5287888434,28351508.358365014
B6,195,1.3743260754269695,4.229170558283714,27.291484871596367,2.131690100248431,3.5627283504669256,32.69822626407476,1.0271985254571856,51.35992627285928,15,0.85946694790945,0.8298443503865766,2.1044371259060535,150316.93756471813,28501825.295929734
B6,196,1.4787136945677335,4.245241009633003,26.51249189341208,1.849148944450966,3.115769891009184,31.63111030531009,1.0257902285251004,51.28951142625502,14,0.9593169411194096,0.8385403723658407,2.348923587245396,167780.25623181404,28669605.55216155
B6,197,1.5007923482703585,4.129103947592224,26.96371594348823,2.0861043089150377,3.157568405599988,33.77293677295911,1.0153933771088912,50.76966885544456,13,0.8016623582428943,0.8466287654455774,1.9629004154624994,140207.1725330357,28809812.724694584
B6,198,1.421954276401931,4.088964743734615,24.08862213732324,1.8474330356352788,3.111705492244364,35.43452742060715,1.0095147548654235,50.475737743271175,12,0.6946268582154586,0.837005367898736,1.700819970605898,121487.14075756416,28931299.865452148
B6,199,1.5072777396975858,4.110499949081746,26.41173629092545,2.087841031236214,3.33583129320611,32.992481593381264,1.003607593444711,50.18037967223555,11,0.777769468319059,0.82156393478891,1.9043977764451314,136028.4126032237,29067328.27805537
B6,200,1.4830671750835858,4.182486213661933,26.48072027752884,1.9426634876340407,3.4942875944855585,33.54365710395844,0.9917620771754024,49.58810385877012,10,0.8695236431191072,0.8318714509533323,2.129061322118139,152075.80872272424,29219404.086778093
B6,201,1.61169002457472,4.22450681103323,25.47912457103768,2.031825928844425,3.811538752267479,31.847295076905997,0.999689148737084,49.9844574368542,9,1.0271705266357103,0.8556481062230128,2.515065641728902,179647.54583777874,29399051.63261587
B6,202,1.342728411651483,4.189394845267242,25.90808850571873,2.137666080092392,4.044465874196533,32.42922215758814,0.9882602458548786,49.41301229274393,8,0.7833287343780351,0.8447712185756677,1.9180098483412702,137000.7034529479,29536052.33606882
B6,203,1.4882082224351665,4.236946918916953,25.70328752143178,1.7947965367561052,3.5025495764419787,31.37988113639369,0.9961810937569536,49.80905468784768,7,0.9541222796760922,0.8440291240837653,2.336204263454737,166871.73310390982,29702924.06917273
B6,204,1.299176485647117,4.116842310666842,26.801547139304827,2.036967467779722,3.953739930804024,35.814234696897735,0.988228813650097,49.411440682504846,6,0.6597018961012585,0.8237490580635315,1.6153048881786345,115378.9205841882,29818302.989756916
B6,205,1.3939165325585716,4.172097660652873,25.73014175067425,1.8050789789093733,3.456178142981607,34.88698447549008,0.969674176988908,48.4837088494454,5,0.7940749651480732,0.8379559304824765,1.9443223982898519,138880.17130641802,29957183.161063332
B6,206,1.6469515470170268,4.165814964412007,27.11582125540407,1.9925296513347104,3.51116223015636,36.562202826680064,0.9671609967619784,48.358049838098914,4,0.9570461341375609,0.8635668827422623,2.343363430999722,167383.1022142659,30124566.263277598
B6,207,1.3926356673753144,4.167586305813374,26.509840669032567,1.935286355440292,3.479248394476927,35.53767405329953,0.961438751942512,48.0719375971256,3,0.7869377541951775,0.8517688986102725,1.9268466690122676,137631.90492944772,30262198.168207046
B6,208,1.4787550024812028,4.278293405672791,27.238167404958183,2.079061341681314,3.8337539270377303,34.909111026706555,0.9585382233165056,47.92691116582529,2,1.0082244115559538,0.8490623107417358,2.468675366846884,176333.95477477746,30438532.122981824
B6,209,1.299964999884577,4.207064159393867,21.60478430474954,1.947180317126884,3.048985331156132,33.774652522539114,0.9561198293151252,47.80599146575625,1,0.7774592899726647,0.8482238186838258,1.9036382931056124,135974.16379325805,30574506.286775082
B6,210,1.5446001675982597,4.258727851431725,29.659675284318283,1.867483625804136,3.6647704221188873,28.99202713741538,0.942195033773607,47.10975168868036,0,1.030016410405377,0.859065837359438,2.5220338951044012,180145.278221743,30754651.564996824
