battery_id,cycle,chI,chV,chT,disI,disV,disT,BCt,SOH,RUL
B7,1,1.326539156956918,4.214089295951893,27.52268429906464,2.1095780017850796,3.4738230203339024,31.851802015597947,1.9909057096267997,99.54528548133999,249
B7,2,1.2733136393589681,4.152434627739218,24.097439903328436,2.1025018359658585,3.213579024977347,32.150560679869855,1.9887180935584823,99.43590467792411,248
B7,3,1.3143485274182234,4.2149324785334725,29.195678225567598,2.006944245057253,2.7821142895843063,33.65002848349031,1.9824292744799925,99.12146372399963,247
B7,4,1.3482352870733563,4.195935915957131,27.911951750258805,2.120985306302071,3.6018633057315648,35.645605492454216,1.9792880933250698,98.96440466625349,246
B7,5,1.5762080827593405,4.236554583091265,25.515739912082594,1.8360046090516986,3.8551106108766424,32.17311433662426,1.9788147542860652,98.94073771430327,245
B7,6,1.4963915091659477,4.273995383325038,25.573478748985398,2.101865873649827,3.8717889337442335,34.103838085608395,1.970679679244005,98.53398396220024,244
B7,7,1.3858940741961872,4.208372604661985,25.963294783477526,1.8623790555522366,3.02518162126724,34.80968738478083,1.9684231936356824,98.42115968178412,243
B7,8,1.3884269548462211,4.2457363951277935,26.89573641955613,2.001222688871382,3.5418027676642065,35.87227470668641,1.9552000459513994,97.76000229756997,242
B7,9,1.460261655684601,4.134359919666381,27.23620899278972,1.830704856200068,3.9690657697793332,32.71496857263819,1.9641021984482567,98.20510992241283,241
B7,10,1.4022709539113445,4.268647021125244,23.981338007311297,2.1910089937552555,3.44311353487734,31.77915242393715,1.9480005998354528,97.40002999177264,240
B7,11,1.4482433000083776,4.1969254909520615,27.71130139201347,1.929501660502621,3.356482303234103,34.34550516890978,1.9458371046186773,97.29185523093386,239
B7,12,1.3506235849483583,4.191279758940351,28.329302628890137,2.0210943696476296,3.6005279362794913,31.991715322215637,1.9469365290304008,97.34682645152004,238
B7,13,1.4358145878178434,4.250636820323771,26.288744178037447,1.956311582947701,3.1718806602291227,33.9883475536635,1.9406757723763892,97.03378861881946,237
B7,14,1.4064491862596242,4.168531651008321,26.889587475812586,2.0324605962802016,2.897310836464939,33.33818093070574,1.932369738075269,96.61848690376344,236
B7,15,1.4628420290106456,4.161711575586269,27.295894349448993,2.3223815258348646,3.2249770799865627,30.369526492635636,1.9374932086750765,96.87466043375382,235
B7,16,1.5400297698608314,4.220959126585467,29.45459507833915,1.947693375119612,3.0162580777893986,31.54907769516523,1.9121810734866138,95.6090536743307,234
B7,17,1.2274827391356373,4.203535274432518,25.336368032331677,1.8484900361332812,3.2691459845822943,32.83421315258912,1.913921126442971,95.69605632214855,233
B7,18,1.2838559986915514,4.142182824612856,26.290658134662085,2.1530338429355007,3.218057131954484,31.487330128004203,1.9113697206676676,95.56848603338338,232
B7,19,1.2674582544132333,4.196182937600068,25.67369413089441,2.171279513945886,2.9879474410300917,34.889040963303465,1.9026566757914425,95.13283378957212,231
B7,20,1.5310623844527558,4.189202205314327,25.72047527866188,2.094307445382648,3.1929075169572294,31.26494771313108,1.900646653025455,95.03233265127275,230
B7,21,1.3977047513490346,4.223319269099921,28.38421149169327,2.0677545313448142,3.7116196974485165,35.13367478685591,1.8954448763610494,94.77224381805247,229
B7,22,1.4125047150818362,4.087631981376029,27.10841708398389,1.9451817639171014,3.3207324025524114,31.895515125282206,1.8915612545432243,94.57806272716121,228
B7,23,1.4277181561277432,4.2167822932944095,26.25349098014078,2.0588775137171718,3.218367626472908,32.7785445990364,1.8790944719485432,93.95472359742716,227
B7,24,1.314092535278361,4.216904782040621,27.1494063415209,2.0308663132383593,2.994891556705456,33.77933051093207,1.8837379115963353,94.18689557981676,226
B7,25,1.4273272479868973,4.248415664381928,25.54696252255234,1.995423349117373,3.9122713161926455,29.377902187382386,1.8715601460868816,93.57800730434408,225
B7,26,1.3882244925409313,4.19036088215873,25.051679356169075,2.0482756144583507,3.826993933100483,33.38094886946477,1.8716170176185916,93.58085088092957,224
B7,27,1.3662082964827418,4.181991189349086,26.97035497341418,2.1860051254541464,3.496339741450909,33.36236456546505,1.867922583679949,93.39612918399745,223
B7,28,1.5850313238519989,4.238148201678694,29.237641619066803,2.127896927538048,3.511796449032486,34.455275125798494,1.8526572577770293,92.63286288885146,222
B7,29,1.320416995964134,4.202397525275533,26.688140096953287,2.0607925015200825,3.683200396055837,30.688258425392004,1.8530106491376883,92.65053245688442,221
B7,30,1.4631477030699462,4.255105705140588,25.283300762079357,1.9735433931434336,3.4086490637327476,34.48829340698185,1.8544258607566058,92.72129303783029,220
B7,31,1.5119418642663907,4.187135446819004,28.01048667775024,1.9974016828707484,3.633584700668334,31.862042539980965,1.8522428177432648,92.61214088716324,219
B7,32,1.3565139051403532,4.193839282156956,27.891424835658775,2.0331289672739126,3.0185094803417405,35.48971994817561,1.84243370438938,92.121685219469,218
B7,33,1.5951245777642225,4.215473958620527,25.135950544367475,1.994645299623812,3.160635037508348,38.13514789209648,1.8396087574011237,91.98043787005619,217
B7,34,1.4452811507086856,4.2239044085512845,26.41388037295873,2.0982266040532704,3.9419826624046626,34.071929350694255,1.8274387131101422,91.3719356555071,216
B7,35,1.5193726305473363,4.179326527754492,24.85960979764361,2.082722418056177,4.098280766115726,33.237811880962994,1.8232805507249257,91.16402753624628,215
B7,36,1.5391638900033087,4.275583158068593,28.840080425374293,2.104699232934595,3.3712263189720226,32.63657483285114,1.8200725867112117,91.00362933556059,214
B7,37,1.1898920810381344,4.229463526169253,24.08488577358519,2.074709209413795,2.897249744948828,38.38872140555414,1.8237568523832017,91.18784261916008,213
B7,38,1.28631571666924,4.156788408008792,26.014360961765643,2.0044376877376457,3.40624909166916,29.914774268316698,1.8167774828083447,90.83887414041723,212
B7,39,1.3422409811774139,4.295745596109311,26.666859459556434,2.2006935561720784,3.2706694947723824,31.826417061814617,1.804744858027464,90.23724290137321,211
B7,40,1.436271457069441,4.1472916591973386,28.86013335589313,2.0182071790156604,4.162998045471131,33.43773866466822,1.8006339889671796,90.03169944835898,210
B7,41,1.4009148399386309,4.166016279880629,28.60763728010025,2.0519605192952883,3.509689804393478,31.865282329883115,1.7960142906345569,89.80071453172785,209
B7,42,1.315456078995442,4.1728583452347445,27.032302132633216,2.0291812601180226,3.617936379439193,33.99657897142787,1.789703588930808,89.4851794465404,208
B7,43,1.4501401552130355,4.221910781534292,24.48283202818711,1.857412416035872,3.766953351234752,30.651225607488918,1.7846694190205836,89.23347095102918,207
B7,44,1.2379724941347416,4.202641822487715,26.67551908207207,1.9350144468657735,3.368416232239683,32.986452741498745,1.7728950129603172,88.64475064801586,206
B7,45,1.3545809029570868,4.215812053131624,26.515068118557895,2.0788562759062685,3.7861750314576503,33.63368976731966,1.7644177989572665,88.22088994786333,205
B7,46,1.441693655548049,4.156213027601663,26.445414397022372,1.9924238144415978,3.627633055206148,33.49331980839421,1.772213059773229,88.61065298866146,204
B7,47,1.3134162433501695,4.221614911697651,26.48418234355095,1.9579063074068603,3.9377351502265703,36.79327345320485,1.7733025175484969,88.66512587742484,203
B7,48,1.4380980422237601,4.148373402282525,24.52746934245687,1.894867078497957,3.4032474591069963,31.511715570408924,1.7636130764987321,88.1806538249366,202
B7,49,1.639711686915148,4.255026904800737,28.499856971299256,2.017126305488928,3.762837847954124,33.41798118615489,1.757483422020997,87.87417110104985,201
B7,50,1.4739941315030156,4.171094494418293,25.637178839313215,1.842940300221876,2.733257939387185,34.48835594628581,1.73908433989408,86.954216994704,200
B7,51,1.3809552121035205,4.17040061920477,27.474212346236826,2.04049586227794,3.6840281060385536,32.97086786717035,1.7444468907840505,87.22234453920252,199
B7,52,1.3456574489840998,4.214472097720744,24.36451211887414,2.061716031192345,4.363548118478454,32.4658536206938,1.7228305715876717,86.14152857938359,198
B7,53,1.2554628260381162,4.179819325608741,30.034680867299492,2.242530456394061,3.4604613032540343,27.795611266372752,1.735892068777228,86.7946034388614,197
B7,54,1.439078688122028,4.186297515821482,27.43263776834322,2.069030594896546,3.7442322977468843,35.744322155688124,1.728295230828977,86.41476154144885,196
B7,55,1.3203406538655855,4.2491765410341475,27.27108495477584,2.1363252892852898,3.275873879259311,37.13866348855029,1.7232963105506989,86.16481552753494,195
B7,56,1.384930824694626,4.190666033535497,25.34773839113521,2.0667355973711254,3.2628387725642263,33.48810175875868,1.7217064842396634,86.08532421198318,194
B7,57,1.4171771313580368,4.1864596471457896,25.67104614536729,1.8587627155574162,3.6506512216871734,31.901724912407584,1.7154862432357925,85.77431216178962,193
B7,58,1.327776553588065,4.1969075847516075,26.039356623825867,1.9284885573462378,3.487877645194244,31.586002055678428,1.7121019791767746,85.60509895883874,192
B7,59,1.253122271419988,4.171452657380907,24.290418217379745,2.0300775787492955,3.568260307363129,34.232246117665476,1.6973421963409154,84.86710981704577,191
B7,60,1.4116568455137666,4.181815713680187,26.64788164247782,2.066068110398392,3.470718339703421,33.570468751627736,1.7093281093174615,85.46640546587308,190
B7,61,1.5019675754977493,4.271028269984601,24.367359381991548,1.9091314910306787,3.678965902419846,32.13183259402823,1.695820911715664,84.7910455857832,189
B7,62,1.2810048161606145,4.208000166205869,28.88672074359448,2.0609724040104926,3.20210682176986,33.486346676774694,1.6828028611367845,84.14014305683922,188
B7,63,1.548500007459953,4.254433762934515,27.248901183284904,1.9733374348030033,3.3303491474236595,32.7807279602969,1.6799078513534793,83.99539256767396,187
B7,64,1.4035576565463939,4.235000137527509,27.248602443284348,1.791381420547874,3.2090477764750376,29.556984786723998,1.6800360134943209,84.00180067471604,186
B7,65,1.4697375642296318,4.087560029131719,29.918892644626915,1.9605113777042278,3.7709683819637814,28.886711788858975,1.675612502917802,83.7806251458901,185
B7,66,1.5185718907686927,4.195222454117448,24.399806130359675,2.01165152631027,3.75742433961583,35.44450184678315,1.6697825725525686,83.48912862762843,184
B7,67,1.4858416716484841,4.24161657114385,26.603108611001257,1.944028857261018,3.683263279655036,29.944900282173172,1.6678152191160338,83.3907609558017,183
B7,68,1.4523937051445581,4.261458026224756,25.681228560969746,1.84856336195139,3.1201047291084736,34.4848784883148,1.6550729211763333,82.75364605881667,182
B7,69,1.410207262688666,4.218256183772627,27.13222393940917,2.065354947629446,3.0569505833250115,31.04548548800662,1.655921246402743,82.79606232013715,181
B7,70,1.4134220336093692,4.257056874574951,24.701004672272422,1.9945733423324272,3.5990339475385937,33.65072093629391,1.64045695998008,82.022847999004,180
B7,71,1.3938649212462426,4.251982399843567,24.804409948371543,1.9829841349625814,3.1676135631752045,34.41530007153617,1.6429965115886953,82.14982557943476,179
B7,72,1.406433766767575,4.2053952591205075,27.062478541277105,1.8062238920004803,3.8990126498342215,32.801247862975735,1.6344794720372855,81.72397360186427,178
B7,73,1.4282472176679704,4.2509337487213426,28.31489953722087,1.8490964318983052,3.660987986967532,32.02649477754404,1.6303267570816755,81.51633785408377,177
B7,74,1.5245521843540353,4.217474219043429,25.500394395004786,2.113813341894088,3.539324063082223,32.74263621044095,1.6365772348517371,81.82886174258685,176
B7,75,1.3277292708872959,4.208913118066799,25.628278719799887,2.048485232345507,3.340400164997165,32.15837156605629,1.6302112417426426,81.51056208713213,175
B7,76,1.37293964223854,4.262005421638801,27.627730997476803,2.019895986472769,3.4343232360564717,31.56127993760896,1.629279461983458,81.4639730991729,174
B7,77,1.4383088018062375,4.179929538862115,28.136896678764685,1.959666675890212,3.298673348801323,36.57613736140106,1.6110655044323283,80.55327522161642,173
B7,78,1.406901390749215,4.065659503199492,25.28815336624111,1.9843081289808329,3.375209948913048,33.06577022378638,1.6043267013634992,80.21633506817496,172
B7,79,1.3351302033445203,4.238818291211146,29.22774858077247,1.9673898430687233,3.4486948235083754,35.567877673534255,1.601596144233382,80.07980721166909,171
B7,80,1.4599096792646316,4.259640422192947,27.094159930461306,1.9382007171065414,3.515445413791951,32.99079560665248,1.6021013186845128,80.10506593422564,170
B7,81,1.3576289476586552,4.2251288850443585,28.21978919236468,1.9482599251804282,3.2762370991501295,33.269247150605324,1.594659159482358,79.73295797411791,169
B7,82,1.4502620424486177,4.163218499687448,24.348353242768574,2.1262278637804726,4.275893976587523,35.97418385384318,1.5965129266167568,79.82564633083784,168
B7,83,1.3790810850428452,4.173034497839161,25.77839405276637,2.045392397986808,3.4823344922346675,34.30614664619532,1.591159205244597,79.55796026222986,167
B7,84,1.2089732436993803,4.2306635941857635,27.90100880411415,2.051233528160981,3.9729559205623546,33.80643516630132,1.5805008679519796,79.02504339759898,166
B7,85,1.2881645432572784,4.22750763149631,25.723053191172685,2.151049734423538,3.8440199077328883,35.00478391690289,1.570760037157003,78.53800185785015,165
B7,86,1.4403015232290024,4.199653263373901,27.26495668374615,1.922318283566846,4.347769091413092,35.164467780453904,1.5698661590535568,78.49330795267784,164
B7,87,1.5566191212005744,4.181542053707382,26.096777687234862,1.8559076132919452,3.7234794997,32.36983919763644,1.5660810451271359,78.3040522563568,163
B7,88,1.5644302870935112,4.289279868239476,26.355488703890234,2.056609832116787,3.665534022463169,33.80780846515242,1.5530051387442572,77.65025693721286,162
B7,89,1.5125876271490852,4.250998543549991,27.671900997359014,2.066479434204855,3.395399529451594,34.10761260546312,1.5527720232588282,77.63860116294141,161
B7,90,1.31342966453929,4.195835370834004,26.889185825416877,1.8894592443528553,3.718395258263133,33.87159464238526,1.5486247079453854,77.43123539726928,160
B7,91,1.3996138567621312,4.159010514736169,26.26473342191186,1.9502252994100653,2.9660759514984427,33.09883278300398,1.5439372195142478,77.19686097571238,159
B7,92,1.375787836149717,4.234340671085244,27.439856629080424,1.9540536827463058,3.729678599131637,35.57923034748373,1.5417065146714335,77.08532573357168,158
B7,93,1.4770111604403289,4.207921351265039,25.61170324944023,2.0669765553881327,3.220310596453928,33.193572928409225,1.527873698920378,76.39368494601891,157
B7,94,1.5397103997000219,4.319244557494679,26.20958028822598,1.971585104091933,3.4151878499840183,32.52365614366538,1.5365770325858403,76.82885162929202,156
B7,95,1.2564851228460947,4.161102111150508,26.135140212916642,1.9285262511381136,3.191198621915604,34.7461532118577,1.5334224344941647,76.67112172470823,155
B7,96,1.3149493237612044,4.249671285106656,28.83691397250771,1.9771642638021896,3.541684424650409,34.172962570951924,1.5257637768159094,76.28818884079547,154
B7,97,1.7475152476787623,4.170780133568219,29.184422799310262,1.9596527136980828,3.002894373174963,30.000857654282708,1.5140453508136804,75.70226754068402,153
B7,98,1.2210468592132675,4.154392944412602,25.828532763080922,2.1733518381477075,3.9543028092216224,32.356957335556835,1.5129399583527237,75.64699791763618,152
B7,99,1.3739374054573676,4.225939080424795,28.165589477127735,2.159032521028482,3.125822772762118,32.52034046999991,1.509972079724289,75.49860398621445,151
B7,100,1.2479209053192193,4.255286473919775,26.714676490979397,2.0401290734721864,3.3609867367735924,32.55239155094896,1.5039274785612198,75.19637392806099,150
B7,101,1.2836891352625723,4.127737331889357,25.03021759108991,1.9425087209853955,3.7922256619626875,33.53539551916902,1.5003850203588476,75.01925101794238,149
B7,102,1.3213941534397595,4.248466275099785,29.30275847793176,1.8759306106384739,3.7472495077584482,33.81968122128736,1.5011731119467793,75.05865559733897,148
B7,103,1.443878998592592,4.194009147627742,25.617885640467037,1.9318697764058577,3.226751470999181,36.56124434129478,1.4896118862339096,74.48059431169548,147
B7,104,1.557623947909053,4.247379750392458,25.73439706179927,2.0224868103185183,3.5230664315781404,29.05046957797842,1.485136380303075,74.25681901515375,146
B7,105,1.3789913654245587,4.177415697088304,30.2336429737789,2.1783889414712,3.4082442288779062,34.54438478276258,1.4744990239029245,73.72495119514623,145
B7,106,1.3844874983148439,4.199214037769577,24.389860418312306,2.2704627772516854,3.2708314154939213,30.23083275028625,1.4701389148201736,73.50694574100868,144
B7,107,1.2380035808871073,4.282705002677239,27.992080337242477,1.9874929316713275,3.5050381655272655,31.798677134264942,1.4609714688276614,73.04857344138307,143
B7,108,1.3965420492167413,4.191790696998978,28.220057182430967,2.0003353357708313,3.5700750704315025,30.299961972705404,1.4577230184670358,72.88615092335179,142
B7,109,1.3851052467003027,4.284755094634226,25.073712166948248,2.101640316052259,3.3283934942842963,32.81696870682623,1.4626285227902487,73.13142613951243,141
B7,110,1.431325294743553,4.199377275324574,26.49839218537934,1.8708174515257887,3.8713021892787913,29.178265603545157,1.4554045028828586,72.77022514414293,140
B7,111,1.316840257791028,4.148580725308929,26.337859545671837,2.098590216450212,3.0013622711488352,33.97432795245072,1.4508940665443555,72.54470332721777,139
B7,112,1.423687390159069,4.320581621437629,28.10105363357191,1.9831831411263252,3.522421426230978,33.963497721646554,1.4345839215717624,71.72919607858812,138
B7,113,1.3806479815789896,4.23608283635419,26.859662597786617,2.007035867704701,4.017799714766186,34.33256628663661,1.4436216008453293,72.18108004226647,137
B7,114,1.4908321933423718,4.1591277393635,26.86711466818846,2.036195627438379,3.5720088045613143,35.311041716904626,1.423997317992872,71.1998658996436,136
B7,115,1.219654924704168,4.2690435704979075,25.228851581970765,1.8898674944597331,3.313728784874649,30.695209055521346,1.426916421970842,71.34582109854209,135
B7,116,1.385763285522489,4.214874500429415,24.08687092432612,2.005793820128913,3.4497986876691566,34.01077513677437,1.4285765378917223,71.42882689458612,134
B7,117,1.5814071256945195,4.141235728995722,26.840757035086284,2.208176245580754,3.4771349101561833,34.18183637439036,1.4127725228924455,70.63862614462228,133
B7,118,1.518375042515994,4.261438152165061,26.41927268491177,1.997776282571101,3.7259131795774265,35.15516628826171,1.4103731138900586,70.51865569450293,132
B7,119,1.4856057240743952,4.19192007508704,26.001555487716384,2.0147111703177853,3.34294346026421,29.064460759263742,1.4131184259601468,70.65592129800734,131
B7,120,1.2941964538992592,4.202113939278205,27.670913593511823,1.9968463732702655,3.3314391835906947,36.40121137372958,1.4013475580141423,70.06737790070711,130
B7,121,1.4147308150087654,4.213479862506653,25.80532018737669,2.0927403579002677,3.7584334535097086,29.692443943068813,1.3985721895960668,69.92860947980334,129
B7,122,1.3793868780142091,4.132674490936911,26.35078472620229,1.9903828026946553,3.2371804658397383,35.11424878836986,1.3873084860859526,69.36542430429763,128
B7,123,1.2732102224832877,4.187337979480117,30.02934018108128,1.8800949116100278,3.5350542411832593,35.82437058671771,1.3831048471159433,69.15524235579717,127
B7,124,1.4395175761570835,4.241535652966245,25.617122904999594,1.9587098595298176,3.1759090057943316,33.907330167167174,1.3861464526903733,69.30732263451867,126
B7,125,1.4322789640041498,4.1555006420209555,27.7796535500062,2.020214836173615,3.352361472346326,33.04390666010454,1.379759764146688,68.98798820733441,125
B7,126,1.341757930175906,4.1137444875757625,26.525236271983097,2.039855314120283,3.165158813594413,32.12247039259474,1.3707221964149612,68.53610982074805,124
B7,127,1.621736018649318,4.211801135909332,24.5383955314169,2.0016410098982806,3.794651789829437,32.60209659836589,1.361527219968743,68.07636099843715,123
B7,128,1.307492281589864,4.222278751268896,26.653886754577535,1.9876256225146762,3.683287384868885,33.31596786640936,1.358048700520472,67.9024350260236,122
B7,129,1.2678708115401582,4.2291458732983545,24.51251382585614,2.347001745396454,3.067410927909258,36.198284420608495,1.3481702600663916,67.40851300331958,121
B7,130,1.267344019148534,4.203846347435545,27.91612642665072,2.0206219861612826,3.739319563597876,32.72844205785319,1.354811896680456,67.7405948340228,120
B7,131,1.3030280394861906,4.16765494163437,27.3954767255918,2.005968789631385,3.7823178291943926,29.740691383018643,1.337320305311622,66.8660152655811,119
B7,132,1.3395582840290228,4.206987735413048,26.4450918277691,2.09599576753934,3.3719988091161794,34.54939286297027,1.3395844378693724,66.97922189346862,118
B7,133,1.3239003289420674,4.240235107023666,27.070009730313682,1.9825513167335633,3.4676015535546143,35.74910199835089,1.3280013221035007,66.40006610517504,117
B7,134,1.517891188385502,4.261762323422847,26.39374805687893,2.0631881970970594,3.472240357856138,34.72662431728818,1.3310182214176167,66.55091107088083,116
B7,135,1.4838578194501473,4.16856134850133,29.460819354720122,1.8661738300974449,3.8673082321592465,32.34495569942751,1.3267472502127147,66.33736251063573,115
B7,136,1.3606769918683008,4.236735758321728,25.534782166139657,2.0218461056205497,2.923273045443399,34.467243762558645,1.3234789124471362,66.17394562235681,114
B7,137,1.4747950541059958,4.274779496524838,28.748802171784952,2.1602423147825065,2.715588822206099,34.721754865157685,1.3144299368438823,65.72149684219411,113
B7,138,1.1891298498083298,4.215464337258819,26.330531225401728,1.951121334384888,3.087583064707369,34.33266584057775,1.3197573214150244,65.98786607075122,112
B7,139,1.365468000902296,4.225623145925562,25.597006329271604,1.9582878860663058,3.4960694348657397,33.723531937603504,1.3012684067734905,65.06342033867453,111
B7,140,1.4085703857862906,4.1291467984506935,29.033702040794836,1.8379161851101804,3.337058677054694,32.224231861338275,1.3019713505130774,65.09856752565388,110
B7,141,1.4240988755576098,4.296924674112665,25.797160336324797,1.8901985003591055,4.261805406674335,28.649203417090185,1.305932923506864,65.2966461753432,109
B7,142,1.4156897324327216,4.212140583379405,28.577093862681217,1.9116184602506827,3.6729759873224612,33.90389829066068,1.2909579959880515,64.54789979940257,108
B7,143,1.3117444111208716,4.245791653464286,26.07120406675073,2.034239518844678,3.0175076689898863,31.20712275005339,1.2899822749294478,64.49911374647239,107
B7,144,1.4101533245910738,4.161320767481887,26.66800547559802,2.01293698753399,3.1759494220034297,31.87405920966935,1.2794058865485782,63.97029432742891,106
B7,145,1.1646343468599698,4.145761222109984,25.248044101993106,2.017470194529243,3.410513023310824,34.49890779651651,1.2715733023959834,63.57866511979917,105
B7,146,1.410720435076999,4.152306139397528,25.088825564795133,2.1342974097069143,3.7958339824514713,32.38060678959155,1.2622384936806275,63.11192468403137,104
B7,147,1.4099284116780828,4.134134719871644,25.193008127146367,2.005471101443842,3.067970279721047,37.36914474770482,1.2688119170502887,63.440595852514434,103
B7,148,1.2929642190014092,4.093283678597791,25.823781412820733,1.8680845401631534,3.538906265905585,31.516712089283775,1.2661929596539263,63.30964798269632,102
B7,149,1.3062592549983452,4.284652809762007,29.92153610943955,1.8707405567317592,3.828159324498154,32.05496323990491,1.2548423995017683,62.742119975088414,101
B7,150,1.3125717525483998,4.111007388510117,27.24052482866192,2.0696964173787955,3.864793553748283,33.57977093979669,1.2525238523245064,62.62619261622532,100
B7,151,1.3385466712474203,4.295449225848045,25.348235304274446,1.7838575484975472,3.9946189229267994,31.669003721115427,1.245306945838102,62.2653472919051,99
B7,152,1.3981339588259396,4.171237820283205,26.125144785541604,1.920140680183835,3.7292021989631667,33.88188137643628,1.2434081320870354,62.17040660435177,98
B7,153,1.4647323791877722,4.218376620027615,26.830962014564655,2.0497913679649,3.7365269211851238,33.947676677817356,1.2323402996571544,61.61701498285772,97
B7,154,1.4667462885937377,4.187500180762702,25.820431087208874,1.9629076821022067,3.176138451558478,32.66737463310614,1.2275293779373047,61.376468896865234,96
B7,155,1.4539598723081852,4.219566604325669,25.54769046537761,2.2656435524199194,3.5387893170817386,32.76205177892552,1.2283850615852399,61.41925307926199,95
B7,156,1.4779605436190744,4.199913402645516,28.982299110422776,2.1114945401831346,3.103399861467226,36.30468558680945,1.2177609987200289,60.888049936001444,94
B7,157,1.374139878249376,4.20534379729511,27.18265427485645,1.9274165084896884,3.910933640973599,31.150879910778766,1.2168650961782308,60.84325480891154,93
B7,158,1.41005501532273,4.229429905054333,28.930921181902345,2.1916481511801473,3.685827943845299,32.37592975737089,1.203278747097785,60.16393735488925,92
B7,159,1.5623325616753372,4.29923702793191,26.685853984072683,2.0447472664181916,3.4924399271196345,34.21334606882256,1.2063649361081377,60.318246805406886,91
B7,160,1.2538215012427638,4.130696398906807,26.947034191200412,1.8510371264341599,2.983069044423984,33.616782171206665,1.192549469678813,59.627473483940655,90
B7,161,1.29890284107231,4.1594971741413795,26.95201379908798,1.980801220445062,3.0153694554349832,33.63763384697267,1.1907364573278478,59.53682286639239,89
B7,162,1.4450227596987857,4.211494668664282,28.599359549088216,2.013871364138615,3.550559990158632,32.61892003597903,1.196180791365461,59.80903956827305,88
B7,163,1.4618337937226238,4.277850511556304,27.326463229330727,1.9988080169161186,3.8438989003629214,32.7974475090687,1.1839058441655474,59.19529220827737,87
B7,164,1.2486851861049866,4.273626857192896,24.0684798961679,1.8633512362133866,3.177997128070161,32.26038898601398,1.1759996541733273,58.79998270866636,86
B7,165,1.3985947711780145,4.207210253469074,28.832448582545176,2.0448420047110134,3.131111731270001,32.96827108896528,1.178102373560523,58.90511867802615,85
B7,166,1.5449403571727014,4.199308069098463,24.70661316112458,1.997953832772809,3.4222695472027325,33.89458831013059,1.165130004825801,58.256500241290055,84
B7,167,1.4232429716548678,4.170199248925335,27.057072267350588,1.8293203158392828,3.5446605779618,31.85139629202496,1.1646786480006748,58.23393240003374,83
B7,168,1.4265357752493826,4.214073789582153,27.22684294538069,1.9875727785948087,3.8114649699282417,31.610799834996776,1.1609450895241824,58.04725447620912,82
B7,169,1.3639215215702336,4.1984031269864275,24.964544710779496,1.9223910745864354,3.9036882830383726,32.09119570413071,1.1492858009591984,57.46429004795992,81
B7,170,1.4253650366177069,4.245504587887778,28.59875707130015,2.1280000684920948,4.160586361226429,30.983262588269355,1.1463454725281828,57.31727362640914,80
B7,171,1.3550115997113017,4.247995293561706,29.07428483211761,1.9309853648341273,3.6755024928955113,34.813456164302444,1.1476519334785256,57.38259667392628,79
B7,172,1.2765924473725763,4.191796231109647,25.372220777529,1.9141217511233515,3.3918863115415436,33.24047086700498,1.1445030586986689,57.22515293493344,78
B7,173,1.4180857261690976,4.135494048240914,28.597793154803554,1.9896551321512987,3.8712910262440934,33.529419138099094,1.1367067684770797,56.83533842385399,77
B7,174,1.3733882894773766,4.199814599918479,24.584191222959042,1.9887152235717842,3.3050209404327955,32.34822488220019,1.1299208193761565,56.496040968807826,76
B7,175,1.3223793174824898,4.213251104929405,26.996088591076756,2.0483854310324316,3.5095185966019535,33.27341657926001,1.124134345821718,56.206717291085894,75
B7,176,1.5908158218319697,4.213705667847513,26.15800895568763,1.8887914054367019,3.241182647535056,32.223663063930125,1.1168736753599025,55.843683767995124,74
B7,177,1.4908650151517429,4.183334293443463,25.866224403572946,1.9870828121005828,3.6830119894580133,28.850119852451897,1.113577940423101,55.67889702115505,73
B7,178,1.6283558093201171,4.164843597142723,28.50130518927796,1.9063432284617583,4.138893999639365,31.932918240133638,1.1126407787361094,55.63203893680547,72
B7,179,1.5060556598305088,4.117575682205141,25.85733440725778,2.2038768948688503,3.4140012901342924,33.80244034289195,1.1026666286000981,55.13333143000491,71
B7,180,1.424952682591959,4.192396417494088,24.87383188889172,2.0455825951104853,3.4608283962333215,33.39232122056349,1.106620376134432,55.3310188067216,70
B7,181,1.3451916020991586,4.1475577453279175,24.089101549842596,1.9111236901608428,3.5042782314671337,36.103802428166325,1.0956222313721882,54.78111156860941,69
B7,182,1.3819036307573194,4.168396904085025,26.14555878038788,1.9385419349597965,3.439918147960099,33.36678699088579,1.0816208657112143,54.08104328556072,68
B7,183,1.3547225217164212,4.264641975365036,27.42542979698645,2.007569980099979,3.654560839616237,33.794283123836195,1.0868781227905273,54.34390613952637,67
B7,184,1.4399969173010172,4.160673701345233,27.635395934804933,2.1148339001828242,3.379748319280644,34.80466474668526,1.0798409926947596,53.99204963473798,66
B7,185,1.3631157515785712,4.224088572722874,25.59107807351558,1.8963054467327767,3.888350517161462,31.471849955420783,1.079639012932907,53.98195064664535,65
B7,186,1.249959995228076,4.266562110087059,27.000853826131664,1.9207054162319612,3.438711506881437,33.26753330680697,1.0691318673968468,53.456593369842345,64
B7,187,1.1492699615093815,4.187628400093225,27.542066604599547,2.1111140007769125,3.1994435213394468,31.014725589153112,1.0669275510128606,53.346377550643034,63
B7,188,1.2639951536325833,4.166479445007746,27.326450960495894,2.0962730419903592,3.610188872996773,32.094178172447684,1.0630940890929983,53.15470445464992,62
B7,189,1.309640778302254,4.190031592874785,27.277409662437723,2.0103746358354786,3.3136135936717164,33.47682003860477,1.0575195059175426,52.87597529587713,61
B7,190,1.399322280386999,4.130676333716919,26.765855039863133,1.9888032010088985,3.401462022241357,35.666867607376346,1.0398120474155301,51.99060237077651,60
B7,191,1.374185652569416,4.150701591307097,29.412517466951925,1.969751794380159,3.2777036462393214,34.326830855951656,1.0435458012147234,52.17729006073617,59
B7,192,1.4221904151801081,4.2263008116131635,29.684479503786946,1.9677774818493816,3.8677229946941796,32.2122951499151,1.0369047463279355,51.845237316396776,58
B7,193,1.2686063589190182,4.220072129353403,27.38811574401428,2.0652121464579234,3.878740370280362,33.62218240158873,1.0319970804322054,51.59985402161027,57
B7,194,1.5538465279493452,4.138900146836988,27.583995448267043,2.0675214828438047,3.7693941291760065,35.003422757984296,1.03244813430152,51.622406715075996,56
B7,195,1.3609490581117925,4.1845930689192885,25.965742093816548,1.9960744096130767,3.630438939545947,30.668632360846892,1.0272552971658349,51.36276485829174,55
B7,196,1.367896063176748,4.207345372922738,27.307496118034315,2.1544192066131505,3.310392510212761,30.909815535742638,1.0105977383055305,50.52988691527652,54
B7,197,1.411436087497124,4.224575249663903,23.822541545488253,2.1394162084945103,2.8147224029204745,33.990637211187334,1.0110477299244964,50.55238649622482,53
B7,198,1.4791038444290039,4.234173781557821,24.554464136595474,1.9919959055004124,3.399664250507131,34.039455696033556,1.0035119414026996,50.175597070134984,52
B7,199,1.475647510752265,4.178779843864015,26.929509139019654,2.0317877488553893,3.814652801592093,32.198632684482654,0.9939850086851059,49.69925043425529,51
B7,200,1.3611677305959817,4.226830571056477,26.58418138171183,2.156293994873116,3.199912959748045,32.61914591034828,1.0023853085281496,50.11926542640748,50
B7,201,1.3482017310331849,4.153433756048676,26.06431401369743,2.008182502053864,3.5173483879010723,34.8355713100423,0.9955170600112594,49.77585300056297,49
B7,202,1.4778546649379865,4.234804986091438,25.62038380316379,2.078602623346977,3.406711855295505,33.27945044027266,0.9806520757949052,49.03260378974526,48
B7,203,1.503470486797443,4.241107105692257,27.060500324736424,2.051252921988244,3.256802990111491,34.453375937712565,0.9753924430197953,48.76962215098977,47
B7,204,1.3651321197435073,4.143976491649013,25.74604977689516,2.024068864721252,3.3654018018709015,34.031408007233026,0.9853533741998204,49.26766870999102,46
B7,205,1.488042237611968,4.240482473921205,28.85616018711865,1.9831388697752994,3.8693435728179137,29.88533863648621,0.9742682601602263,48.713413008011315,45
B7,206,1.3633618064799142,4.157046995408085,29.19267962110014,2.0879354144692,3.1399174995551298,33.38715796685027,0.9675845860946973,48.379229304734864,44
B7,207,1.4760021894555178,4.209222416016791,28.113732802042293,2.2100531924926803,3.4681655461407663,33.46466620566093,0.966221922661204,48.3110961330602,43
B7,208,1.3385854581248846,4.202111881774672,26.852982593175433,2.168151568602202,3.3028029979747533,32.48016306807935,0.9600971142287744,48.00485571143872,42
B7,209,1.3078328956556406,4.136976601904576,28.05435927796534,1.9742585376873394,3.0151773022175297,33.08458249216626,0.9510004670911826,47.55002335455913,41
B7,210,1.2715691592889147,4.300268487319686,27.49365778160217,2.0330473420465127,3.4932639006317054,30.65155420388834,0.9554725775654256,47.77362887827128,40
B7,211,1.5113326103649012,4.263895663866722,28.747268796020094,1.8311054766949177,3.244996222340124,31.992197876189664,0.9293253932736378,46.46626966368189,39
B7,212,1.3987438854016843,4.19063651618146,26.13499486254547,1.9567419956333387,3.4795144879010897,28.909717651272583,0.9477026569925454,47.38513284962727,38
B7,213,1.6896017582722436,4.227084398865617,24.75482300895972,1.9338553252966197,3.038312330379669,32.08165759955658,0.929613922162543,46.48069610812715,37
B7,214,1.2075380643085525,4.193392046548489,29.479802451181563,2.085163802017299,3.791789544186407,33.887573302222215,0.9267672916014421,46.3383645800721,36
B7,215,1.4423247458828188,4.222444475532395,25.832124766681613,1.9228137982311335,3.0552288602258626,30.722749164718156,0.9196437104964252,45.98218552482126,35
B7,216,1.3463779395899624,4.274272331656077,26.871479182351184,2.1191329088392195,3.7764911383255577,33.66414989331189,0.9236773573358448,46.18386786679224,34
B7,217,1.4328381387884939,4.201571733025459,28.000808344618356,2.0208472803487467,3.3834210004434944,30.301335589290492,0.9117460712543288,45.58730356271644,33
B7,218,1.6493484324599699,4.230623782513831,28.02653886258128,1.9823296363910712,3.3393784876084216,32.620050685262065,0.9022231446510104,45.11115723255052,32
B7,219,1.3833256952543287,4.275442608194506,27.13007966465976,1.9396025277476356,3.7473682756631006,36.08037778011275,0.9011917015079309,45.05958507539655,31
B7,220,1.460493141826746,4.2116120523540586,26.496900525594015,2.0735064367447285,3.8602726036895203,33.1734392792568,0.9066092454032126,45.33046227016063,30
B7,221,1.2782958825307582,4.210751090986528,28.508676770178273,2.111763145108312,3.7551896269835385,33.31562515250619,0.8882719736298594,44.41359868149297,29
B7,222,1.191558943169456,4.266615811463471,26.41096686186784,2.2466073516415697,3.15191739150408,33.40063547835019,0.8964964044529493,44.82482022264747,28
B7,223,1.4800243140257365,4.146076838544316,27.79744096956442,1.8703240044941878,3.5126874444259575,30.558806809997726,0.8827834642529623,44.13917321264812,27
B7,224,1.4704971450739222,4.160528248011359,28.39758463092169,1.8875535242209862,3.943735547487925,37.445537583575764,0.887045711926017,44.35228559630085,26
B7,225,1.2593694266917683,4.157087714295038,26.54530019317617,1.9892793251049885,3.0350645722558696,33.49074142610345,0.8722857889203456,43.61428944601728,25
B7,226,1.5635006814470407,4.128924084620359,29.96840169850866,2.1342430659743243,3.167248468573035,33.937700445529394,0.8727623795760296,43.63811897880148,24
B7,227,1.6094780400072413,4.25862647520251,26.931967272993028,1.92517002123543,3.5676116491963024,32.844669464350886,0.8659205263711655,43.296026318558276,23
B7,228,1.2787240939729945,4.205483762604664,29.025097276548536,2.194286856072499,3.3671421655174507,32.32694892327326,0.853348348386368,42.6674174193184,22
B7,229,1.4974375093884444,4.153963917249585,27.134862948984136,2.0714523879710622,4.163672721314671,32.49891478519453,0.8527145087572895,42.63572543786447,21
B7,230,1.4935490463539303,4.190265593420941,26.487572788446318,1.9607594514872744,3.4944657228894247,33.286418600098344,0.8498830027687198,42.49415013843599,20
B7,231,1.503051771940844,4.192069953579521,26.396497806110112,1.9383509564544392,3.480204080287293,34.61113163351609,0.8515271870515478,42.57635935257739,19
B7,232,1.5130045003495445,4.172080683525285,29.287782850987302,2.1303372786675236,3.6179910714021473,33.74815347420057,0.8401515056838506,42.00757528419253,18
B7,233,1.3080180449783203,4.234784207549784,26.487115861090054,1.9952291623604503,3.1219252332783496,32.38283513562869,0.8342625989266192,41.713129946330966,17
B7,234,1.3856959693803972,4.192865445194861,25.03795162333202,2.133964277201488,3.2935180728130846,35.43949289947783,0.8206996733269041,41.034983666345205,16
B7,235,1.5708232270202012,4.252458721020902,28.28197745875318,1.857084814011384,3.1209031290745655,35.053177417651085,0.8261674153040264,41.30837076520132,15
B7,236,1.5155814108199612,4.234187059823141,27.118750843588735,2.025275928750791,2.930216698540173,33.271316444944105,0.816360054320221,40.81800271601105,14
B7,237,1.3762354528555774,4.263777531066347,29.187096807209056,2.0214927934146014,3.4940973077361774,35.6337491464335,0.8150269217787709,40.75134608893855,13
B7,238,1.2357088585217624,4.158399400968995,27.051753019026307,2.108134545107357,3.7088970980681526,32.88700343283076,0.8105048584178132,40.52524292089066,12
B7,239,1.3634718317231267,4.189326239958395,26.210768390518485,1.9448308120640216,3.7511922955469665,31.499298351379885,0.8083386692645638,40.41693346322819,11
B7,240,1.367969999901608,4.267631922591886,28.569091513692403,2.0205650203988044,3.6536651440455765,32.26030047140264,0.8051844719386201,40.259223596931,10
B7,241,1.5777043314265153,4.258776431809592,28.295081551180573,2.140850568076465,3.728271438068393,35.10151284517822,0.7922634902642576,39.613174513212876,9
B7,242,1.329218104497537,4.205532496979796,29.585820504371686,2.1049475507533404,3.335083249530591,32.494409336364775,0.7961012995992677,39.80506497996338,8
B7,243,1.572524514200652,4.286953511929593,27.75413732903724,2.0111990327157034,3.609912928502558,36.489255536737645,0.7881373639368348,39.406868196841735,7
B7,244,1.3561254674885017,4.121661788118049,26.651306379628416,1.8914343082094307,4.06616908848013,32.36684960005442,0.7808477588275857,39.04238794137929,6
B7,245,1.3021210180446174,4.178946404340034,25.092503440537406,2.1043288534378246,3.6840179470925,32.70204760522911,0.7783086700559771,38.915433502798855,5
B7,246,1.3814061256320345,4.210230507681424,25.510876912823157,2.0376120436746765,3.2980423360340434,34.28170588168714,0.7619704404853822,38.09852202426911,4
B7,247,1.4281832711314217,4.209903079316233,28.080145158452503,1.9728054470471608,3.6983085138755833,30.898516340208516,0.7659027650271983,38.295138251359916,3
B7,248,1.3454097071402198,4.214256030213842,29.098463226638906,1.9677155918331026,3.9420910218014686,30.828397156886187,0.7620101161060815,38.100505805304074,2
B7,249,1.4074497810794855,4.1845945401262625,26.73602518015922,1.9795351407164454,3.025645699182577,32.3032203005012,0.7574438607619847,37.87219303809923,1
B7,250,1.4063675686993113,4.186321719588474,28.72612968354363,1.8863752850095474,3.424951608100755,33.98858800882345,0.7509718644896284,37.54859322448142,0
