battery_id,cycle,Q_dot_W_m3,t_cycle_s,T_centre_C,T_surface_C,delta_T_C,SOH_actual,RUL_actual,SOH_predicted,RUL_predicted
B5,1,1084.8464,7150.3,25.5306,25.491,0.0395,99.3098,219,99.3237,219.69
B5,2,1012.2784,7150.46,25.4951,25.4582,0.0369,99.312,218,99.3258,220.15
B5,3,1140.164,7143.31,25.5576,25.5161,0.0415,99.2126,217,99.194,219.66
B5,4,1299.7572,7089.25,25.6356,25.5882,0.0474,98.4618,216,98.47,220.43
B5,5,1270.2252,7109.5,25.6212,25.5749,0.0463,98.7431,215,98.7801,215.78
B5,6,1265.9509,7114.68,25.6191,25.573,0.0461,98.8149,214,98.8202,219.75
B5,7,1174.0896,7076.51,25.5741,25.5313,0.0428,98.2849,213,98.317,215.6
B5,8,1080.3339,7052.97,25.5282,25.4889,0.0394,97.958,212,97.918,215.22
B5,9,1017.6069,7047.03,25.4976,25.4605,0.0371,97.8754,211,97.8785,215.82
B5,10,1168.9849,7024.26,25.5715,25.529,0.0426,97.5591,210,97.5304,211.53
B5,11,1189.3747,6983.32,25.5814,25.5381,0.0433,96.9906,209,97.0545,210.1
B5,12,1078.1003,7005.0,25.5271,25.4878,0.0393,97.2917,208,97.326,211.13
B5,13,1039.8667,6978.07,25.5083,25.4705,0.0379,96.9177,207,96.9001,209.39
B5,14,1179.5311,6962.34,25.5766,25.5336,0.043,96.6992,206,96.7157,206.19
B5,15,1327.754,6944.71,25.649,25.6007,0.0484,96.4544,205,96.453,207.1
B5,16,1280.8421,6920.02,25.626,25.5794,0.0466,96.1113,204,96.0667,202.34
B5,17,1150.6159,6899.6,25.5624,25.5205,0.0419,95.8278,203,95.82,203.25
B5,18,1084.894,6882.34,25.5302,25.4907,0.0395,95.588,202,95.5989,201.23
B5,19,1198.1543,6866.51,25.5855,25.5419,0.0436,95.3682,201,95.4928,201.09
B5,20,1211.5715,6838.79,25.592,25.5479,0.0441,94.9832,200,94.9784,200.47
B5,21,1087.8355,6812.9,25.5315,25.4919,0.0396,94.6236,199,94.6466,200.58
B5,22,1113.3382,6796.28,25.544,25.5034,0.0405,94.3927,198,94.4071,199.14
B5,23,1247.427,6789.44,25.6095,25.5641,0.0454,94.2977,197,94.3381,197.04
B5,24,1425.6624,6781.09,25.6965,25.6446,0.0519,94.1818,196,94.1652,201.96
B5,25,1130.1457,6761.89,25.5521,25.511,0.0411,93.9151,195,93.8791,199.75
B5,26,1224.0442,6728.54,25.5979,25.5534,0.0445,93.4519,194,93.4555,197.79
B5,27,1118.0985,6736.34,25.5462,25.5055,0.0407,93.5603,193,93.5282,196.03
B5,28,1127.7047,6699.58,25.5508,25.5098,0.041,93.0498,192,92.9874,194.41
B5,29,1140.9003,6683.5,25.5572,25.5157,0.0415,92.8263,191,92.8216,193.41
B5,30,1158.4063,6687.93,25.5658,25.5236,0.0422,92.8879,190,92.8511,197.34
B5,31,1369.5999,6623.83,25.6688,25.619,0.0498,91.9977,189,92.0791,191.44
B5,32,1379.7023,6638.49,25.6738,25.6236,0.0502,92.2013,188,92.2377,187.78
B5,33,1354.3248,6601.88,25.6613,25.612,0.0493,91.6927,187,91.6554,190.2
B5,34,1248.4814,6579.55,25.6095,25.5641,0.0454,91.3826,186,91.4081,188.28
B5,35,1063.7499,6567.63,25.5193,25.4806,0.0387,91.2171,185,91.1884,184.72
B5,36,1147.6194,6570.08,25.5603,25.5185,0.0417,91.2512,184,91.215,190.34
B5,37,1191.2978,6519.81,25.5815,25.5382,0.0433,90.5529,183,90.5723,182.83
B5,38,1056.2975,6517.79,25.5156,25.4772,0.0384,90.5249,182,90.5544,184.21
B5,39,1230.7985,6515.03,25.6008,25.556,0.0448,90.4866,181,90.4656,186.14
B5,40,1195.9653,6474.81,25.5837,25.5402,0.0435,89.9279,180,90.001,181.72
B5,41,1379.7859,6451.54,25.6733,25.6231,0.0502,89.6047,179,89.6408,180.56
B5,42,1100.6961,6430.03,25.5371,25.4971,0.04,89.306,178,89.3611,177.28
B5,43,1233.7091,6389.97,25.6019,25.557,0.0448,88.7495,177,88.8212,181.37
B5,44,1462.6599,6387.75,25.7135,25.6604,0.0532,88.7188,176,88.7226,179.44
B5,45,1293.6859,6354.78,25.631,25.584,0.047,88.2608,175,88.246,180.09
B5,46,1294.2864,6353.06,25.6313,25.5843,0.047,88.2369,174,88.2397,177.26
B5,47,1156.194,6351.81,25.5639,25.5219,0.042,88.2196,173,88.2088,175.13
B5,48,1150.6135,6370.28,25.5613,25.5195,0.0418,88.4762,172,88.5361,173.62
B5,49,1243.417,6335.98,25.6064,25.5613,0.0452,87.9998,171,87.9746,174.78
B5,50,1178.6698,6293.14,25.5748,25.5319,0.0428,87.4047,170,87.3865,172.91
B5,51,1084.7944,6263.37,25.5289,25.4895,0.0394,86.9912,169,86.967,175.31
B5,52,1190.0766,6253.87,25.5802,25.537,0.0432,86.8593,168,86.8501,170.38
B5,53,1298.4788,6227.95,25.633,25.5858,0.0472,86.4994,167,86.5128,173.76
B5,54,1146.0068,6236.37,25.5587,25.517,0.0416,86.6162,166,86.6109,169.29
B5,55,1200.4189,6195.36,25.5851,25.5415,0.0436,86.0467,165,86.0703,167.04
B5,56,1194.2405,6170.01,25.582,25.5386,0.0434,85.6946,164,85.7472,170.75
B5,57,1105.0123,6170.04,25.5385,25.4984,0.0401,85.695,163,85.7041,165.06
B5,58,1144.1012,6133.88,25.5574,25.5159,0.0415,85.1927,162,85.1942,164.82
B5,59,1157.9999,6123.53,25.5642,25.5221,0.042,85.0491,161,85.0902,160.89
B5,60,1396.1399,6154.23,25.6803,25.6296,0.0507,85.4754,160,85.4825,164.6
B5,61,1337.8283,6090.57,25.6517,25.6031,0.0485,84.5912,159,84.6058,158.03
B5,62,1757.5086,6106.66,25.8562,25.7924,0.0638,84.8147,158,84.7894,159.85
B5,63,1345.4399,6058.5,25.6553,25.6064,0.0488,84.1459,157,84.1228,158.85
B5,64,1183.8374,6019.49,25.5764,25.5335,0.0429,83.604,156,83.6503,156.97
B5,65,1439.9518,6025.71,25.7012,25.6489,0.0522,83.6904,155,83.6751,155.12
B5,66,1213.1575,6017.97,25.5907,25.5467,0.044,83.583,154,83.5688,159.04
B5,67,1161.2323,5998.96,25.5653,25.5232,0.0421,83.3189,153,83.3243,158.27
B5,68,1250.9996,5991.55,25.609,25.5636,0.0454,83.2159,152,83.1888,153.65
B5,69,1259.9011,5961.27,25.6132,25.5676,0.0457,82.7954,151,82.8152,152.69
B5,70,1185.4917,5919.1,25.5769,25.5339,0.043,82.2098,150,82.2406,153.88
B5,71,1169.5732,5897.48,25.569,25.5266,0.0424,81.9095,149,81.9093,150.84
B5,72,1346.1035,5910.03,25.655,25.6062,0.0488,82.0838,148,82.06,151.25
B5,73,1235.6029,5894.74,25.6012,25.5564,0.0448,81.8714,147,81.8685,150.81
B5,74,1323.4874,5881.18,25.6439,25.5959,0.048,81.6831,146,81.7025,146.2
B5,75,933.3256,5862.93,25.454,25.4202,0.0338,81.4296,145,81.4821,149.57
B5,76,1426.6114,5828.65,25.6938,25.6421,0.0517,80.9535,144,81.0091,144.01
B5,77,1297.8502,5827.87,25.6311,25.5841,0.047,80.9426,143,80.9346,149.85
B5,78,1197.0047,5835.44,25.5821,25.5388,0.0434,81.0478,142,81.0081,147.21
B5,79,1296.1017,5783.37,25.6301,25.5832,0.0469,80.3246,141,80.2692,142.31
B5,80,1117.8468,5759.18,25.5433,25.5029,0.0405,79.9887,140,79.9724,141.84
B5,81,1097.1153,5754.3,25.5332,25.4935,0.0397,79.9208,139,79.8894,142.97
B5,82,1229.528,5741.07,25.5975,25.553,0.0445,79.7371,138,79.7511,139.62
B5,83,1374.6661,5725.1,25.668,25.6182,0.0498,79.5152,137,79.5103,141.84
B5,84,1252.8807,5680.88,25.6086,25.5633,0.0453,78.9011,136,78.9777,135.15
B5,85,1089.232,5666.39,25.5291,25.4896,0.0394,78.6999,135,78.6769,139.22
B5,86,986.7315,5658.05,25.4792,25.4435,0.0357,78.584,134,78.5498,138.94
B5,87,1189.9622,5648.28,25.5779,25.5348,0.0431,78.4483,133,78.4617,137.51
B5,88,1154.1928,5623.35,25.5604,25.5187,0.0417,78.1021,132,78.06,138.6
B5,89,1283.0816,5613.83,25.6229,25.5765,0.0464,77.9699,131,77.9628,135.56
B5,90,1190.9123,5579.51,25.578,25.535,0.0431,77.4932,130,77.5141,131.18
B5,91,1428.3383,5559.79,25.6931,25.6415,0.0516,77.2193,129,77.1907,132.86
B5,92,1228.6331,5545.06,25.5961,25.5517,0.0444,77.0148,128,77.0221,131.06
B5,93,1070.2027,5533.31,25.5192,25.4805,0.0387,76.8515,127,76.8537,132.03
B5,94,1341.5,5484.7,25.6506,25.6021,0.0485,76.1764,126,76.1749,125.66
B5,95,1287.4943,5482.17,25.6244,25.5778,0.0465,76.1412,125,76.173,127.64
B5,96,1221.6134,5478.16,25.5924,25.5483,0.0441,76.0856,124,76.1182,127.2
B5,97,1223.7195,5450.89,25.5932,25.5491,0.0442,75.7068,123,75.7003,126.08
B5,98,1296.8973,5432.82,25.6286,25.5818,0.0468,75.4559,122,75.4711,122.47
B5,99,1214.224,5427.68,25.5885,25.5447,0.0438,75.3844,121,75.3868,120.41
B5,100,1225.226,5400.61,25.5937,25.5495,0.0442,75.0084,120,75.0471,123.32
B5,101,1181.9063,5412.02,25.5728,25.5301,0.0427,75.167,119,75.1546,123.14
B5,102,1224.2526,5381.93,25.5931,25.5489,0.0442,74.7491,118,74.7442,118.03
B5,103,1120.0065,5356.07,25.5425,25.502,0.0404,74.3898,117,74.3993,120.64
B5,104,1187.5666,5296.62,25.5748,25.532,0.0428,73.5642,116,73.6659,116.17
B5,105,1178.5108,5306.59,25.5705,25.528,0.0425,73.7026,115,73.6799,120.33
B5,106,1306.5601,5301.68,25.6324,25.5853,0.0471,73.6344,114,73.6357,116.7
B5,107,1401.1362,5248.79,25.6778,25.6273,0.0505,72.8998,113,72.8765,117.73
B5,108,1193.3476,5263.76,25.5774,25.5344,0.043,73.1078,112,73.0985,115.48
B5,109,990.6104,5222.22,25.4791,25.4434,0.0357,72.5308,111,72.5368,112.56
B5,110,1022.7646,5206.45,25.4945,25.4577,0.0368,72.3118,110,72.3032,113.64
B5,111,1449.1606,5218.93,25.7008,25.6486,0.0522,72.4852,109,72.5141,112.11
B5,112,1008.3541,5147.75,25.4872,25.4509,0.0363,71.4965,108,71.5327,107.1
B5,113,1225.7596,5188.13,25.5926,25.5484,0.0441,72.0573,107,72.0292,108.97
B5,114,1301.239,5152.34,25.6288,25.5819,0.0468,71.5603,106,71.5622,111.52
B5,115,1261.4762,5115.27,25.6093,25.5639,0.0454,71.0454,105,71.0604,108.48
B5,116,1217.4544,5118.68,25.588,25.5442,0.0438,71.0928,104,71.0595,110.8
B5,117,1221.5038,5111.25,25.5899,25.546,0.0439,70.9895,103,70.969,106.64
B5,118,1394.1039,5072.79,25.673,25.6228,0.0501,70.4555,102,70.5026,102.68
B5,119,1196.8285,5044.26,25.5775,25.5345,0.043,70.0591,101,70.0645,104.98
B5,120,1111.5082,5054.96,25.5364,25.4965,0.04,70.2077,100,70.1471,102.48
B5,121,1141.7347,5004.82,25.5506,25.5096,0.041,69.5114,99,69.5476,98.19
B5,122,1219.2608,5003.52,25.588,25.5442,0.0438,69.4933,98,69.498,103.32
B5,123,1326.5369,4964.82,25.6394,25.5918,0.0476,68.9558,97,68.9718,99.51
B5,124,1165.0203,4961.41,25.5615,25.5197,0.0418,68.9085,96,68.9302,97.3
B5,125,1221.0944,4955.63,25.5885,25.5447,0.0438,68.8283,95,68.8361,97.11
B5,126,1297.5639,4926.24,25.6251,25.5785,0.0466,68.42,94,68.4607,95.92
B5,127,1366.6175,4898.07,25.6581,25.6091,0.049,68.0287,93,68.0364,93.96
B5,128,1148.0695,4895.68,25.5528,25.5116,0.0412,67.9955,92,68.0068,93.68
B5,129,1392.4115,4863.36,25.6701,25.6202,0.0499,67.5467,91,67.5675,94.33
B5,130,1354.8802,4880.45,25.6522,25.6037,0.0486,67.784,90,67.7487,93.85
B5,131,1359.6264,4874.47,25.6545,25.6057,0.0487,67.701,89,67.6283,90.32
B5,132,1121.0012,4830.34,25.5392,25.4991,0.0402,67.0881,88,67.077,90.81
B5,133,1205.1905,4821.11,25.5796,25.5365,0.0432,66.9599,87,66.9467,88.99
B5,134,1142.8358,4784.04,25.5493,25.5084,0.0409,66.4449,86,66.4516,89.39
B5,135,1250.4623,4795.24,25.6012,25.5564,0.0448,66.6006,85,66.533,88.21
B5,136,1140.5778,4760.41,25.548,25.5072,0.0408,66.1168,84,66.1436,85.17
B5,137,1059.7322,4723.59,25.5088,25.4709,0.0379,65.6054,83,65.6804,86.0
B5,138,1010.6778,4695.89,25.485,25.4489,0.0361,65.2207,82,65.2492,87.09
B5,139,1354.8646,4752.11,25.6509,25.6024,0.0485,66.0016,81,65.9926,83.91
B5,140,1265.717,4675.85,25.6072,25.562,0.0452,64.9424,80,64.9944,79.44
B5,141,1284.1167,4689.15,25.6162,25.5703,0.0459,65.1271,79,65.095,83.53
B5,142,1027.0192,4633.33,25.4923,25.4557,0.0367,64.3518,78,64.371,85.1
B5,143,1263.3623,4629.05,25.6056,25.5605,0.0451,64.2924,77,64.3177,77.0
B5,144,1199.1859,4638.09,25.5749,25.5321,0.0428,64.4179,76,64.3608,77.28
B5,145,1161.7638,4602.03,25.5566,25.5151,0.0414,63.9171,75,63.8603,75.64
B5,146,1133.9961,4555.55,25.5428,25.5024,0.0404,63.2716,74,63.2632,77.52
B5,147,1217.8673,4544.78,25.5828,25.5394,0.0434,63.1219,73,63.1187,73.96
B5,148,1262.9459,4494.2,25.6037,25.5588,0.045,62.4194,72,62.47,76.53
B5,149,1268.2303,4537.83,25.6068,25.5616,0.0452,63.0255,71,63.0673,72.43
B5,150,1083.925,4528.69,25.5185,25.4799,0.0386,62.8984,70,62.9022,74.94
B5,151,1474.7044,4470.43,25.7046,25.6521,0.0525,62.0893,69,62.178,71.35
B5,152,1230.8052,4491.4,25.5883,25.5445,0.0438,62.3806,68,62.3782,67.6
B5,153,1257.8928,4438.61,25.6006,25.5559,0.0447,61.6473,67,61.6355,72.31
B5,154,959.3269,4431.41,25.458,25.4239,0.0341,61.5474,66,61.5203,72.15
B5,155,1232.426,4429.43,25.5883,25.5445,0.0438,61.5199,65,61.5186,70.36
B5,156,1248.5101,4394.51,25.5955,25.5512,0.0443,61.0349,64,60.9482,72.16
B5,157,1219.1605,4357.11,25.581,25.5377,0.0433,60.5154,63,60.5599,65.12
B5,158,1460.655,4343.84,25.6959,25.644,0.0518,60.331,62,60.319,66.5
B5,159,1300.9774,4340.61,25.6197,25.5736,0.0461,60.2862,61,60.2995,65.3
B5,160,1151.4751,4324.21,25.5483,25.5075,0.0408,60.0585,60,60.0451,60.3
B5,161,1403.3097,4290.86,25.6677,25.6179,0.0497,59.5953,59,59.577,62.03
B5,162,1275.78,4286.44,25.6069,25.5617,0.0452,59.5338,58,59.5345,58.35
B5,163,1157.6317,4269.42,25.5505,25.5095,0.041,59.2975,57,59.3136,57.37
B5,164,1213.3547,4269.93,25.577,25.534,0.043,59.3046,56,59.2415,56.16
B5,165,1061.4877,4209.07,25.5039,25.4664,0.0375,58.4593,55,58.4413,61.08
B5,166,1222.8657,4197.75,25.5804,25.5372,0.0432,58.302,54,58.2877,54.05
B5,167,1108.7632,4191.04,25.5261,25.487,0.0392,58.2089,53,58.2134,59.95
B5,168,1286.3274,4164.84,25.6099,25.5645,0.0454,57.845,52,57.8451,57.1
B5,169,1205.8986,4175.41,25.572,25.5294,0.0426,57.9918,51,57.9815,53.87
B5,170,1384.1164,4110.99,25.6553,25.6065,0.0488,57.0971,50,57.1413,50.28
B5,171,1202.9602,4143.79,25.5701,25.5276,0.0424,57.5526,49,57.4717,51.59
B5,172,1290.9133,4083.01,25.6107,25.5652,0.0455,56.7085,48,56.7654,50.01
B5,173,1247.2445,4077.36,25.5899,25.546,0.0439,56.63,47,56.6671,46.17
B5,174,1020.9644,4079.37,25.4829,25.447,0.036,56.658,46,56.6104,48.69
B5,175,1241.5085,4019.76,25.5861,25.5425,0.0436,55.83,45,55.877,47.45
B5,176,1348.7938,4054.34,25.6375,25.59,0.0475,56.3103,44,56.2663,47.83
B5,177,1215.0082,4017.45,25.5736,25.5309,0.0427,55.7979,43,55.7735,45.83
B5,178,1211.8083,3987.98,25.5715,25.529,0.0425,55.3886,42,55.4004,46.32
B5,179,1296.4253,3987.12,25.6114,25.5659,0.0455,55.3767,41,55.356,45.02
B5,180,1088.6308,3962.12,25.513,25.4748,0.0382,55.0295,40,55.0809,40.41
B5,181,1289.7587,3933.33,25.6072,25.562,0.0452,54.6295,39,54.668,44.03
B5,182,1066.2421,3914.84,25.5016,25.4643,0.0373,54.3728,38,54.3774,39.37
B5,183,1232.4593,3915.29,25.5799,25.5367,0.0432,54.379,37,54.3615,42.64
B5,184,1117.8338,3873.02,25.5251,25.486,0.0391,53.792,36,53.8341,36.78
B5,185,1282.0306,3860.84,25.602,25.5572,0.0448,53.6227,35,53.6143,39.66
B5,186,1255.0195,3874.87,25.5896,25.5457,0.0439,53.8177,34,53.7739,33.27
B5,187,1065.2718,3858.07,25.5002,25.4629,0.0372,53.5843,33,53.5474,35.06
B5,188,1281.0815,3828.65,25.6008,25.5561,0.0447,53.1756,32,53.1569,36.62
B5,189,1367.3059,3815.17,25.641,25.5933,0.0477,52.9885,31,52.983,34.45
B5,190,1223.625,3776.35,25.5727,25.5301,0.0426,52.4493,30,52.3802,36.88
B5,191,1127.8534,3731.03,25.527,25.4877,0.0392,51.8198,29,51.8568,33.76
B5,192,1207.2389,3749.88,25.5645,25.5225,0.042,52.0816,28,52.0598,31.9
B5,193,1230.9944,3729.74,25.5751,25.5323,0.0428,51.8019,27,51.8277,31.8
B5,194,1081.0751,3717.61,25.5048,25.4673,0.0376,51.6334,26,51.6166,27.09
B5,195,1406.1736,3700.41,25.6562,25.6073,0.0488,51.3946,25,51.3598,28.23
B5,196,1270.016,3673.49,25.592,25.5479,0.0441,51.0207,24,50.965,23.59
B5,197,1254.5519,3663.86,25.5845,25.541,0.0435,50.8869,23,50.8531,26.94
B5,198,1380.6961,3656.1,25.6431,25.5952,0.0479,50.7792,22,50.7649,23.64
B5,199,1235.3111,3642.0,25.575,25.5322,0.0428,50.5833,21,50.5525,25.73
B5,200,949.6674,3639.95,25.442,25.4091,0.0329,50.5548,20,50.5434,22.59
B5,201,1233.4079,3589.67,25.5728,25.5301,0.0426,49.8566,19,49.8519,22.45
B5,202,1212.6096,3570.52,25.5626,25.5207,0.0419,49.5905,18,49.5556,21.2
B5,203,1252.0145,3522.34,25.5796,25.5364,0.0431,48.9214,17,48.9607,20.77
B5,204,973.7876,3525.41,25.4508,25.4173,0.0335,48.964,16,48.9603,15.43
B5,205,1120.9323,3484.19,25.5179,25.4794,0.0385,48.3915,15,48.3881,15.66
B5,206,1378.8649,3485.58,25.6371,25.5897,0.0474,48.4108,14,48.4141,20.7
B5,207,1203.2322,3467.06,25.5554,25.5141,0.0413,48.1535,13,48.1408,14.86
B5,208,1140.7396,3438.37,25.5258,25.4867,0.0391,47.7551,12,47.7787,11.9
B5,209,1218.7796,3436.79,25.5617,25.5199,0.0418,47.7332,11,47.7492,14.03
B5,210,1246.2071,3441.43,25.5745,25.5318,0.0427,47.7976,10,47.763,13.32
B5,211,1149.7941,3365.47,25.5279,25.4886,0.0393,46.7427,9,46.7382,10.29
B5,212,1037.6652,3405.61,25.4775,25.4419,0.0355,47.3002,8,47.2581,10.38
B5,213,1341.2485,3353.71,25.6154,25.5696,0.0458,46.5792,7,46.5448,13.24
B5,214,1150.3401,3366.36,25.5282,25.4889,0.0393,46.755,6,46.6922,9.77
B5,215,1289.0428,3331.26,25.5907,25.5467,0.0439,46.2675,5,46.269,9.81
B5,216,1161.9511,3311.59,25.5318,25.4923,0.0396,45.9943,4,46.0331,8.43
B5,217,1412.8611,3265.86,25.6449,25.597,0.048,45.3592,3,45.3836,10.06
B5,218,1266.6913,3283.3,25.5788,25.5358,0.0431,45.6014,2,45.5137,12.73
B5,219,936.775,3279.4,25.428,25.3961,0.0318,45.5472,1,45.4726,8.37
B5,220,1131.9256,3233.74,25.5157,25.4773,0.0384,44.9131,0,44.9759,8.05
B6,1,1159.1521,7177.29,25.5669,25.5247,0.0422,99.6846,209,99.5953,211.37
B6,2,1246.612,7126.0,25.6096,25.5642,0.0454,98.9722,208,99.0241,214.62
B6,3,1198.3324,7157.8,25.5861,25.5424,0.0437,99.4138,207,99.3687,213.16
B6,4,1074.1124,7124.55,25.5253,25.4861,0.0391,98.9521,206,98.9576,210.5
B6,5,1215.5804,7117.36,25.5945,25.5502,0.0443,98.8522,205,98.8658,212.43
B6,6,1018.8072,7086.05,25.4982,25.4611,0.0371,98.4173,204,98.4182,211.81
B6,7,1204.15,7081.34,25.5888,25.5449,0.0439,98.3519,203,98.3621,206.53
B6,8,1225.1614,7054.01,25.599,25.5544,0.0446,97.9723,202,97.9175,206.54
B6,9,1376.9772,7022.41,25.6732,25.6231,0.0502,97.5335,201,97.5346,210.23
B6,10,1164.2669,7019.75,25.5692,25.5268,0.0424,97.4965,200,97.4752,206.82
B6,11,1240.9732,7035.57,25.6068,25.5615,0.0452,97.7163,199,97.6966,205.06
B6,12,1077.442,7011.5,25.5268,25.4875,0.0392,97.3819,198,97.3702,205.28
B6,13,1273.2117,6977.32,25.6224,25.576,0.0464,96.9072,197,96.9022,203.88
B6,14,1313.8037,6932.88,25.6422,25.5943,0.0478,96.29,196,96.3659,200.99
B6,15,1252.5642,6944.47,25.6123,25.5667,0.0456,96.451,195,96.4546,200.23
B6,16,1222.3011,6903.34,25.5974,25.5529,0.0445,95.8797,194,95.8626,196.61
B6,17,1518.7372,6901.87,25.7423,25.687,0.0553,95.8592,193,95.8406,197.43
B6,18,1211.347,6881.4,25.592,25.5479,0.0441,95.575,192,95.5925,199.77
B6,19,1187.9052,6879.62,25.5806,25.5373,0.0433,95.5503,191,95.5278,195.3
B6,20,1199.1061,6825.47,25.5859,25.5423,0.0437,94.7982,190,94.8122,194.93
B6,21,1300.1772,6841.5,25.6353,25.588,0.0473,95.0209,189,94.9657,198.63
B6,22,1140.7772,6796.25,25.5574,25.5159,0.0415,94.3923,188,94.3817,200.03
B6,23,1075.8063,6817.32,25.5257,25.4865,0.0392,94.685,187,94.635,190.72
B6,24,1147.4549,6778.56,25.5606,25.5188,0.0418,94.1466,186,94.1798,191.44
B6,25,1209.5253,6725.74,25.5908,25.5468,0.044,93.413,185,93.471,193.72
B6,26,1398.8116,6730.64,25.6833,25.6324,0.0509,93.4811,184,93.4816,191.26
B6,27,1280.7218,6694.04,25.6255,25.5789,0.0466,92.9727,183,93.0385,190.23
B6,28,1294.4531,6681.17,25.6322,25.5851,0.0471,92.794,182,92.8087,191.6
B6,29,1344.1334,6652.18,25.6564,25.6075,0.0489,92.3914,181,92.391,186.83
B6,30,1313.5707,6646.15,25.6415,25.5937,0.0478,92.3076,180,92.3306,189.18
B6,31,1141.2166,6659.5,25.5573,25.5158,0.0415,92.493,179,92.4727,183.49
B6,32,1137.2566,6640.78,25.5554,25.514,0.0414,92.2331,178,92.2078,185.33
B6,33,1069.6102,6583.0,25.5222,25.4833,0.0389,91.4305,177,91.5111,183.4
B6,34,1234.0485,6588.67,25.6025,25.5576,0.0449,91.5093,176,91.476,184.52
B6,35,1340.1335,6546.92,25.6542,25.6055,0.0487,90.9294,175,90.9583,183.46
B6,36,1033.056,6558.97,25.5043,25.4668,0.0376,91.0968,174,91.1151,179.73
B6,37,1182.4625,6558.64,25.5773,25.5343,0.043,91.0922,173,91.0952,178.98
B6,38,1381.9539,6547.89,25.6746,25.6244,0.0503,90.9429,172,90.9265,180.05
B6,39,1266.4742,6513.94,25.6182,25.5721,0.0461,90.4714,171,90.4649,179.97
B6,40,1387.7348,6479.54,25.6773,25.6268,0.0505,89.9935,170,90.0089,176.43
B6,41,1158.8026,6458.47,25.5655,25.5234,0.0421,89.7009,169,89.683,175.99
B6,42,1198.0819,6443.21,25.5846,25.5411,0.0436,89.489,168,89.496,176.5
B6,43,1110.9612,6434.42,25.5421,25.5017,0.0404,89.367,167,89.3437,172.99
B6,44,1350.5794,6399.08,25.6589,25.6098,0.0491,88.8761,166,88.858,172.59
B6,45,1292.3015,6399.49,25.6305,25.5835,0.047,88.8818,165,88.8517,173.84
B6,46,1174.915,6396.84,25.5732,25.5305,0.0427,88.845,164,88.8257,169.91
B6,47,1096.8064,6378.58,25.535,25.4952,0.0399,88.5914,163,88.6227,170.27
B6,48,1141.968,6344.19,25.557,25.5155,0.0415,88.1138,162,88.1453,168.03
B6,49,1225.9355,6316.96,25.5979,25.5533,0.0445,87.7356,161,87.7631,168.01
B6,50,1251.4929,6289.41,25.6103,25.5648,0.0455,87.3529,160,87.3502,168.46
B6,51,1225.7092,6301.49,25.5977,25.5532,0.0445,87.5207,159,87.4421,170.23
B6,52,1249.6414,6250.69,25.6092,25.5638,0.0454,86.8152,158,86.8285,166.53
B6,53,1114.363,6236.28,25.5432,25.5028,0.0405,86.615,157,86.6112,163.12
B6,54,1083.1391,6245.22,25.528,25.4887,0.0393,86.7392,156,86.7669,162.86
B6,55,1351.2764,6199.28,25.6586,25.6095,0.0491,86.1011,155,86.1169,161.22
B6,56,1170.4792,6196.72,25.5705,25.528,0.0425,86.0656,154,86.0435,159.08
B6,57,1360.5911,6179.92,25.6631,25.6137,0.0494,85.8322,153,85.7969,159.57
B6,58,1189.3839,6135.89,25.5795,25.5363,0.0432,85.2207,152,85.1932,157.0
B6,59,1334.6955,6135.83,25.6503,25.6019,0.0484,85.2199,151,85.2016,154.79
B6,60,1280.0366,6129.61,25.6237,25.5772,0.0465,85.1334,150,85.148,156.28
B6,61,1211.1078,6055.97,25.5898,25.5459,0.0439,84.1107,149,84.0821,157.19
B6,62,1191.7453,6085.85,25.5805,25.5373,0.0432,84.5257,148,84.6,152.97
B6,63,1351.8151,6057.55,25.6584,25.6093,0.049,84.1326,147,84.1133,153.08
B6,64,1228.891,6091.44,25.5986,25.554,0.0446,84.6033,146,84.6218,154.37
B6,65,1082.0561,6048.04,25.527,25.4877,0.0393,84.0005,145,83.9911,151.38
B6,66,1144.6658,6017.99,25.5573,25.5158,0.0415,83.5832,144,83.5881,154.6
B6,67,1069.2018,5991.6,25.5205,25.4817,0.0388,83.2167,143,83.2731,148.94
B6,68,1126.0617,5970.07,25.5481,25.5073,0.0408,82.9177,142,82.9385,149.07
B6,69,1084.1681,5954.16,25.5277,25.4884,0.0393,82.6967,141,82.7402,149.85
B6,70,1181.6316,5971.42,25.5752,25.5323,0.0429,82.9364,140,82.8549,150.26
B6,71,1274.0276,5924.86,25.62,25.5738,0.0462,82.2897,139,82.2449,149.43
B6,72,1139.1944,5932.03,25.5544,25.5131,0.0413,82.3892,138,82.3352,145.16
B6,73,1248.4966,5880.57,25.6074,25.5621,0.0452,81.6746,137,81.6862,145.91
B6,74,1236.4347,5874.56,25.6015,25.5567,0.0448,81.5911,136,81.5835,141.18
B6,75,1190.6004,5881.99,25.5792,25.5361,0.0432,81.6943,135,81.674,142.51
B6,76,1474.9447,5841.6,25.7173,25.6639,0.0534,81.1334,134,81.1056,138.75
B6,77,1174.4657,5805.19,25.5711,25.5285,0.0425,80.6277,133,80.6275,142.9
B6,78,1297.2491,5808.41,25.6308,25.5838,0.047,80.6724,132,80.6357,137.47
B6,79,1268.1684,5773.55,25.6165,25.5705,0.0459,80.1882,131,80.2044,137.16
B6,80,1291.4079,5753.34,25.6277,25.5809,0.0468,79.9075,130,79.9375,135.39
B6,81,1117.7959,5744.9,25.5433,25.5028,0.0405,79.7902,129,79.8084,135.0
B6,82,1196.0455,5730.6,25.5812,25.5379,0.0433,79.5917,128,79.6183,134.5
B6,83,1204.5199,5698.58,25.5852,25.5416,0.0436,79.147,127,79.2303,134.61
B6,84,1245.4759,5697.5,25.6051,25.56,0.0451,79.1319,126,79.1142,135.25
B6,85,1297.5412,5684.23,25.6303,25.5834,0.047,78.9477,125,78.9032,129.53
B6,86,1282.1543,5635.6,25.6226,25.5762,0.0464,78.2722,124,78.2988,127.06
B6,87,1366.9074,5622.92,25.6637,25.6142,0.0494,78.096,123,78.1208,127.2
B6,88,1342.6634,5593.93,25.6518,25.6032,0.0486,77.6935,122,77.692,127.96
B6,89,1319.5453,5615.44,25.6406,25.5929,0.0477,77.9922,121,77.9527,127.92
B6,90,1341.5218,5588.34,25.6512,25.6027,0.0485,77.6158,120,77.5965,125.67
B6,91,1283.7074,5544.13,25.6229,25.5765,0.0464,77.0018,119,77.038,122.46
B6,92,1180.9626,5555.75,25.5731,25.5304,0.0427,77.1632,118,77.1524,127.36
B6,93,1171.4527,5508.04,25.5682,25.5259,0.0423,76.5006,117,76.5553,128.24
B6,94,1307.1598,5525.01,25.6341,25.5869,0.0472,76.7363,116,76.7261,120.27
B6,95,1006.9166,5471.53,25.4882,25.4519,0.0364,75.9935,115,76.0216,123.97
B6,96,1268.6223,5514.91,25.6154,25.5695,0.0458,76.5959,114,76.6063,119.22
B6,97,980.7326,5465.97,25.4755,25.4401,0.0354,75.9163,113,75.8862,120.72
B6,98,1384.211,5440.18,25.671,25.621,0.05,75.558,112,75.5656,121.94
B6,99,1279.0389,5425.48,25.6199,25.5737,0.0462,75.3538,111,75.3904,118.47
B6,100,1176.4216,5416.3,25.5701,25.5277,0.0425,75.2264,110,75.2035,117.86
B6,101,1047.0132,5381.47,25.5072,25.4694,0.0378,74.7427,109,74.7456,116.19
B6,102,1194.4489,5349.4,25.5785,25.5354,0.0431,74.2973,108,74.3916,118.21
B6,103,1584.1693,5350.37,25.7672,25.7101,0.0572,74.3106,107,74.3521,111.47
B6,104,1222.408,5327.08,25.5919,25.5478,0.0441,73.9872,106,73.9466,112.0
B6,105,981.7785,5291.05,25.4752,25.4398,0.0354,73.4868,105,73.5152,109.69
B6,106,1289.4667,5276.88,25.624,25.5775,0.0465,73.29,104,73.3377,111.09
B6,107,1451.6845,5300.68,25.7027,25.6503,0.0523,73.6205,103,73.5905,109.25
B6,108,1138.7813,5283.75,25.5511,25.5101,0.0411,73.3854,102,73.377,106.79
B6,109,1271.2996,5242.76,25.615,25.5692,0.0458,72.8161,101,72.8113,105.67
B6,110,1098.2203,5182.71,25.5309,25.4913,0.0395,71.9821,100,72.0835,108.34
B6,111,1091.3765,5243.1,25.5279,25.4886,0.0393,72.8208,99,72.7966,106.96
B6,112,1235.9586,5168.27,25.5973,25.5529,0.0445,71.7816,98,71.7723,103.5
B6,113,1248.6009,5155.88,25.6034,25.5584,0.0449,71.6094,97,71.5923,101.8
B6,114,1127.2135,5138.53,25.5446,25.504,0.0406,71.3684,96,71.3864,103.28
B6,115,876.1215,5144.03,25.4233,25.3918,0.0315,71.4448,95,71.4342,100.35
B6,116,1034.1603,5110.96,25.4995,25.4623,0.0372,70.9855,94,71.0126,98.74
B6,117,1508.3879,5074.75,25.7282,25.6739,0.0542,70.4826,93,70.5269,103.47
B6,118,1311.0645,5096.7,25.6331,25.5859,0.0472,70.7875,92,70.7341,101.51
B6,119,1162.4668,5036.3,25.5609,25.5191,0.0418,69.9486,91,69.9885,96.42
B6,120,1242.7738,5033.36,25.5996,25.5549,0.0447,69.9078,90,69.9732,96.02
B6,121,1369.8528,5035.29,25.6609,25.6117,0.0492,69.9346,89,69.8951,95.11
B6,122,1250.6425,5001.55,25.6031,25.5582,0.0449,69.466,88,69.455,94.66
B6,123,1185.8581,5000.24,25.5719,25.5293,0.0426,69.4478,87,69.4276,98.49
B6,124,883.9671,4937.22,25.4259,25.3942,0.0317,68.5726,86,68.6296,90.82
B6,125,1232.342,4953.84,25.5939,25.5497,0.0442,68.8033,85,68.8161,92.28
B6,126,1133.3267,4946.17,25.5461,25.5054,0.0407,68.6968,84,68.6909,89.81
B6,127,1262.3877,4933.35,25.6082,25.5629,0.0453,68.5187,83,68.465,92.51
B6,128,1438.6685,4914.2,25.6929,25.6413,0.0516,68.2528,82,68.2601,88.62
B6,129,1183.3718,4863.87,25.5695,25.5271,0.0424,67.5537,81,67.582,89.13
B6,130,1283.7362,4865.72,25.6179,25.5718,0.046,67.5795,80,67.5841,88.17
B6,131,1113.1654,4834.23,25.5355,25.4956,0.0399,67.142,79,67.1366,84.0
B6,132,1156.6069,4829.57,25.5563,25.5149,0.0414,67.0773,78,67.0671,84.16
B6,133,1205.0961,4810.64,25.5795,25.5363,0.0432,66.8144,77,66.871,86.06
B6,134,1163.5985,4817.17,25.5596,25.5179,0.0417,66.9051,76,66.8745,81.22
B6,135,1195.3944,4765.35,25.5744,25.5316,0.0428,66.1854,75,66.1781,82.96
B6,136,1374.8058,4772.31,25.6607,25.6115,0.0492,66.2821,74,66.2882,82.62
B6,137,1207.9638,4761.15,25.5804,25.5372,0.0432,66.1271,73,66.0882,81.66
B6,138,1246.6673,4739.31,25.5988,25.5542,0.0446,65.8237,72,65.8079,78.36
B6,139,1178.5539,4692.22,25.5656,25.5235,0.0421,65.1697,71,65.1727,76.27
B6,140,1399.6864,4653.76,25.6712,25.6212,0.05,64.6356,70,64.7165,74.44
B6,141,1286.1904,4677.65,25.6171,25.5711,0.046,64.9674,69,64.9943,76.85
B6,142,1155.5646,4655.56,25.5542,25.5129,0.0413,64.6606,68,64.6349,72.36
B6,143,1259.0204,4619.61,25.6034,25.5584,0.0449,64.1613,67,64.1988,72.39
B6,144,1118.3379,4600.61,25.5358,25.4959,0.0399,63.8974,66,63.9346,72.56
B6,145,1470.1478,4585.86,25.7041,25.6517,0.0524,63.6926,65,63.6763,69.2
B6,146,1255.4502,4581.23,25.6012,25.5564,0.0448,63.6282,64,63.5932,68.12
B6,147,1117.2712,4514.07,25.5343,25.4945,0.0398,62.6954,63,62.7141,71.56
B6,148,1302.7296,4553.6,25.6235,25.5771,0.0464,63.2444,62,63.2567,65.77
B6,149,1285.63,4524.2,25.615,25.5692,0.0458,62.8361,61,62.8429,64.4
B6,150,1135.2156,4510.25,25.5428,25.5024,0.0404,62.6423,60,62.6703,69.53
B6,151,1224.119,4493.78,25.5852,25.5416,0.0436,62.4136,59,62.3881,67.01
B6,152,1247.3807,4492.92,25.5963,25.5519,0.0444,62.4016,58,62.3787,62.22
B6,153,1286.7392,4420.79,25.6141,25.5684,0.0457,61.3999,57,61.4462,63.35
B6,154,1117.4882,4409.82,25.5332,25.4935,0.0397,61.2475,56,61.296,62.28
B6,155,1397.7238,4430.29,25.6672,25.6175,0.0497,61.5318,55,61.516,64.19
B6,156,1315.1742,4375.53,25.627,25.5803,0.0467,60.7712,54,60.7652,59.49
B6,157,1160.6209,4370.08,25.5533,25.5121,0.0412,60.6955,53,60.7031,62.3
B6,158,1348.5061,4344.48,25.6424,25.5946,0.0478,60.3401,52,60.3159,56.88
B6,159,1200.6212,4324.72,25.5717,25.5291,0.0426,60.0656,51,60.1038,59.62
B6,160,1155.3166,4289.82,25.5497,25.5087,0.0409,59.5809,50,59.5496,53.96
B6,161,1200.4861,4318.13,25.5715,25.529,0.0426,59.974,49,59.968,55.16
B6,162,1276.1329,4277.49,25.6069,25.5617,0.0452,59.4095,48,59.4305,55.12
B6,163,1353.8351,4272.43,25.6438,25.5959,0.0479,59.3393,47,59.3296,50.85
B6,164,1193.7574,4248.11,25.5673,25.5251,0.0422,59.0015,46,58.9768,52.77
B6,165,956.4345,4209.48,25.4541,25.4203,0.0338,58.4651,45,58.4419,55.44
B6,166,1166.5728,4223.14,25.554,25.5128,0.0413,58.6547,44,58.6981,55.12
B6,167,1366.3176,4235.68,25.6491,25.6008,0.0483,58.8289,43,58.8187,48.01
B6,168,1006.7455,4156.22,25.4773,25.4417,0.0355,57.7253,42,57.7641,50.2
B6,169,1166.1586,4180.27,25.5532,25.512,0.0412,58.0593,41,58.0095,48.47
B6,170,1213.419,4126.4,25.5747,25.5319,0.0428,57.3111,40,57.3004,47.66
B6,171,1263.0871,4119.6,25.5981,25.5536,0.0445,57.2166,39,57.2352,45.96
B6,172,1216.183,4109.48,25.5758,25.5329,0.0429,57.076,38,57.0992,44.76
B6,173,1117.9678,4085.48,25.5289,25.4895,0.0394,56.7428,37,56.736,44.24
B6,174,1261.2309,4064.64,25.5963,25.5519,0.0444,56.4533,36,56.4655,40.37
B6,175,1239.6395,4065.2,25.5861,25.5425,0.0436,56.4612,35,56.4259,40.94
B6,176,1211.1918,4021.7,25.5719,25.5293,0.0426,55.8569,34,55.8309,40.8
B6,177,1228.562,4011.48,25.5799,25.5367,0.0432,55.7151,33,55.7205,38.59
B6,178,1319.3928,3982.22,25.6222,25.5758,0.0463,55.3086,32,55.3482,37.72
B6,179,1038.1563,3991.89,25.4897,25.4532,0.0365,55.4429,31,55.3854,37.42
B6,180,1144.13,3972.87,25.5393,25.4992,0.0402,55.1787,30,55.1642,35.37
B6,181,1119.8467,3933.45,25.5272,25.488,0.0392,54.6313,29,54.636,33.42
B6,182,1339.538,3943.36,25.6308,25.5839,0.047,54.7688,28,54.6828,35.67
B6,183,1334.4914,3904.74,25.6276,25.5809,0.0467,54.2324,27,54.2582,32.31
B6,184,1144.4327,3886.21,25.5379,25.4978,0.04,53.9752,26,53.9784,32.41
B6,185,1207.8047,3875.41,25.5675,25.5252,0.0422,53.8252,25,53.8329,33.52
B6,186,1157.7974,3833.13,25.5431,25.5027,0.0404,53.238,24,53.2221,30.63
B6,187,1333.0432,3828.51,25.6252,25.5787,0.0465,53.1738,23,53.1935,29.11
B6,188,1175.8652,3820.11,25.5513,25.5103,0.041,53.0571,22,53.0823,28.8
B6,189,1242.9419,3798.97,25.5823,25.539,0.0433,52.7635,21,52.8649,27.24
B6,190,1231.6485,3771.71,25.5764,25.5335,0.0429,52.3849,20,52.3418,25.5
B6,191,1002.7513,3766.86,25.4692,25.4343,0.0349,52.3175,19,52.306,29.46
B6,192,1311.3263,3712.79,25.6122,25.5667,0.0456,51.5665,18,51.5999,25.11
B6,193,1113.6452,3730.19,25.5203,25.4816,0.0387,51.8082,17,51.8162,28.0
B6,194,1499.3929,3697.35,25.6996,25.6475,0.0521,51.3521,16,51.3771,22.14
B6,195,1373.6304,3697.91,25.6409,25.5932,0.0477,51.3599,15,51.3475,24.11
B6,196,1033.631,3692.84,25.4822,25.4463,0.0359,51.2895,14,51.271,17.08
B6,197,1315.5089,3655.42,25.6127,25.5671,0.0456,50.7697,13,50.7751,18.7
B6,198,1031.7136,3634.25,25.4801,25.4443,0.0357,50.4757,12,50.5214,15.98
B6,199,1317.7002,3612.99,25.6126,25.567,0.0456,50.1804,11,50.158,17.73
B6,200,1140.8194,3570.34,25.5293,25.4899,0.0394,49.5881,10,49.6293,17.87
B6,201,1247.943,3598.88,25.5798,25.5366,0.0431,49.9845,9,49.9376,17.47
B6,202,1381.3429,3557.74,25.6405,25.5929,0.0477,49.413,8,49.4385,19.93
B6,203,973.7606,3586.25,25.4521,25.4185,0.0336,49.8091,7,49.7546,14.32
B6,204,1254.2668,3557.62,25.5816,25.5383,0.0433,49.4114,6,49.4071,16.33
B6,205,984.95,3490.83,25.4552,25.4214,0.0339,48.4837,5,48.447,9.94
B6,206,1200.1384,3481.78,25.5544,25.5132,0.0413,48.358,4,48.3681,12.39
B6,207,1132.1715,3461.18,25.5225,25.4836,0.0389,48.0719,3,48.1062,7.01
B6,208,1306.6412,3450.74,25.6027,25.5578,0.0448,47.9269,2,47.9277,9.83
B6,209,1146.1306,3442.03,25.5284,25.4891,0.0393,47.806,1,47.7727,7.39
B6,210,1054.23,3391.9,25.4847,25.4487,0.0361,47.1098,0,47.2721,13.46
B7,1,1345.2808,7167.26,25.658,25.6089,0.049,99.5453,249,99.5081,238.59
B7,2,1336.2709,7159.39,25.6535,25.6049,0.0487,99.4359,248,99.4174,237.08
B7,3,1217.5656,7136.75,25.5955,25.5511,0.0444,99.1215,247,99.1531,237.28
B7,4,1359.869,7125.44,25.665,25.6155,0.0495,98.9644,246,98.9433,236.79
B7,5,1018.9885,7123.73,25.4983,25.4612,0.0371,98.9407,245,98.9423,232.16
B7,6,1335.4627,7094.45,25.653,25.6044,0.0487,98.534,244,98.5006,234.26
B7,7,1048.4746,7086.32,25.5127,25.4745,0.0382,98.4212,243,98.4025,233.8
B7,8,1210.6332,7038.72,25.5919,25.5478,0.0441,97.76,242,97.76,232.48
B7,9,1013.1142,7070.77,25.4954,25.4585,0.0369,98.2051,241,98.1769,229.68
B7,10,1451.1426,7012.8,25.7095,25.6566,0.0529,97.4,240,97.4075,230.56
B7,11,1125.4134,7005.01,25.5502,25.5092,0.041,97.2919,239,97.3201,228.65
B7,12,1234.7952,7008.97,25.6037,25.5587,0.045,97.3468,238,97.3459,227.06
B7,13,1156.9053,6986.43,25.5656,25.5234,0.0421,97.0338,237,96.9841,232.59
B7,14,1248.7228,6956.53,25.6104,25.5649,0.0455,96.6185,236,96.6475,233.49
B7,15,1630.3802,6974.98,25.797,25.7376,0.0594,96.8747,235,96.8187,229.06
B7,16,1146.7346,6883.85,25.5604,25.5187,0.0418,95.6091,234,95.6401,228.15
B7,17,1032.8945,6890.12,25.5048,25.4672,0.0376,95.6961,233,95.6792,225.94
B7,18,1401.2753,6880.93,25.6848,25.6338,0.051,95.5685,232,95.582,228.03
B7,19,1425.1259,6849.56,25.6964,25.6445,0.0519,95.1328,231,95.1732,230.16
B7,20,1325.8751,6842.33,25.6479,25.5996,0.0483,95.0323,230,95.0205,227.13
B7,21,1292.4678,6823.6,25.6315,25.5845,0.0471,94.7722,229,94.7499,216.59
B7,22,1143.779,6809.62,25.5589,25.5172,0.0416,94.5781,228,94.5928,216.15
B7,23,1281.3943,6764.74,25.626,25.5794,0.0466,93.9547,227,94.0456,223.46
B7,24,1246.7645,6781.46,25.6091,25.5638,0.0454,94.1869,226,94.1855,222.46
B7,25,1203.6268,6737.62,25.588,25.5442,0.0438,93.578,225,93.5827,217.24
B7,26,1268.2315,6737.82,25.6195,25.5734,0.0462,93.5809,224,93.5562,216.87
B7,27,1444.5218,6724.52,25.7056,25.653,0.0526,93.3961,223,93.3917,212.38
B7,28,1368.7462,6669.57,25.6685,25.6187,0.0498,92.6329,222,92.6728,212.37
B7,29,1283.7791,6670.84,25.627,25.5803,0.0467,92.6505,221,92.6504,211.43
B7,30,1177.3758,6675.93,25.575,25.5322,0.0428,92.7213,220,92.7177,211.93
B7,31,1206.0146,6668.07,25.589,25.5451,0.0439,92.6121,219,92.6122,210.04
B7,32,1249.5442,6632.76,25.6102,25.5647,0.0455,92.1217,218,92.1451,207.8
B7,33,1202.6884,6622.59,25.5873,25.5435,0.0438,91.9804,217,91.9405,209.85
B7,34,1330.8421,6578.78,25.6498,25.6013,0.0484,91.3719,216,91.396,205.66
B7,35,1311.2471,6563.81,25.6401,25.5925,0.0477,91.164,215,91.1684,207.38
B7,36,1339.0656,6552.26,25.6537,25.605,0.0487,91.0036,214,90.989,203.91
B7,37,1301.1765,6565.52,25.6352,25.5879,0.0473,91.1878,213,91.1711,204.46
B7,38,1214.5262,6540.4,25.5929,25.5487,0.0442,90.8389,212,90.8955,201.47
B7,39,1463.9994,6497.08,25.7145,25.6613,0.0532,90.2372,211,90.2339,202.28
B7,40,1231.2699,6482.28,25.6009,25.5561,0.0448,90.0317,210,90.0343,202.35
B7,41,1272.7988,6465.65,25.6211,25.5749,0.0463,89.8007,209,89.7755,196.94
B7,42,1244.6964,6442.93,25.6074,25.5621,0.0453,89.4852,208,89.4787,196.18
B7,43,1042.8899,6424.81,25.5088,25.4709,0.0379,89.2335,207,89.2728,197.16
B7,44,1131.8534,6382.42,25.5522,25.511,0.0411,88.6448,206,88.6548,193.41
B7,45,1306.3835,6351.9,25.6372,25.5897,0.0475,88.2209,205,88.2278,195.91
B7,46,1200.0109,6379.97,25.5854,25.5418,0.0436,88.6107,204,88.636,196.75
B7,47,1158.7922,6383.89,25.5653,25.5232,0.0421,88.6651,203,88.6504,193.79
B7,48,1085.3736,6349.01,25.5294,25.49,0.0394,88.1807,202,88.1817,194.15
B7,49,1229.9514,6326.94,25.5999,25.5552,0.0447,87.8742,201,87.8788,191.04
B7,50,1026.7017,6260.7,25.5006,25.4633,0.0373,86.9542,200,86.9877,192.38
B7,51,1258.6158,6280.01,25.6137,25.568,0.0457,87.2223,199,87.2446,186.74
B7,52,1284.9299,6202.19,25.6263,25.5796,0.0467,86.1415,198,86.2175,189.5
B7,53,1520.192,6249.21,25.7411,25.6859,0.0552,86.7946,197,86.7881,185.63
B7,54,1294.0635,6221.86,25.6308,25.5838,0.047,86.4148,196,86.475,185.4
B7,55,1379.6106,6203.87,25.6724,25.6223,0.0501,86.1648,195,86.1552,186.59
B7,56,1291.1943,6198.14,25.6293,25.5824,0.0469,86.0853,194,86.0571,186.59
B7,57,1044.4067,6175.75,25.509,25.4711,0.0379,85.7743,193,85.7796,186.14
B7,58,1124.2319,6163.57,25.5478,25.507,0.0408,85.6051,192,85.612,182.19
B7,59,1245.7963,6110.43,25.6069,25.5617,0.0452,84.8671,191,84.8783,181.12
B7,60,1290.3604,6153.58,25.6288,25.5819,0.0468,85.4664,190,85.4826,182.31
B7,61,1101.7763,6104.96,25.5367,25.4967,0.04,84.791,189,84.7903,183.68
B7,62,1284.0032,6058.09,25.6253,25.5787,0.0466,84.1401,188,84.116,173.71
B7,63,1177.1301,6047.67,25.5733,25.5305,0.0427,83.9954,187,84.0199,174.51
B7,64,970.0584,6048.13,25.4724,25.4372,0.0352,84.0018,186,84.0037,180.32
B7,65,1161.8779,6032.21,25.5658,25.5236,0.0422,83.7806,185,83.7269,174.83
B7,66,1223.2839,6011.22,25.5956,25.5512,0.0444,83.4891,184,83.5255,175.5
B7,67,1142.4236,6004.13,25.5562,25.5148,0.0414,83.3908,183,83.3754,175.36
B7,68,1032.9765,5958.26,25.5028,25.4653,0.0375,82.7536,182,82.8004,178.0
B7,69,1289.4697,5961.32,25.6276,25.5809,0.0468,82.7961,181,82.7958,171.97
B7,70,1202.6016,5905.65,25.5851,25.5415,0.0436,82.0228,180,82.0763,173.09
B7,71,1188.6671,5914.79,25.5784,25.5353,0.0431,82.1498,179,82.1647,170.77
B7,72,986.1998,5884.13,25.4798,25.444,0.0357,81.724,178,81.7312,169.06
B7,73,1033.5723,5869.18,25.5028,25.4653,0.0375,81.5163,177,81.5251,169.51
B7,74,1350.688,5891.68,25.6571,25.6082,0.049,81.8289,176,81.8387,167.1
B7,75,1268.4911,5868.76,25.617,25.5711,0.046,81.5106,175,81.5056,163.88
B7,76,1233.3313,5865.41,25.5999,25.5552,0.0447,81.464,174,81.3827,163.94
B7,77,1160.8769,5799.84,25.5644,25.5224,0.042,80.5533,173,80.5837,164.94
B7,78,1190.2549,5775.58,25.5786,25.5355,0.0431,80.2163,172,80.2797,163.82
B7,79,1170.0451,5765.75,25.5687,25.5264,0.0424,80.0798,171,80.1353,162.35
B7,80,1135.584,5767.56,25.552,25.5109,0.0411,80.1051,170,80.0765,161.97
B7,81,1147.4019,5740.77,25.5576,25.5161,0.0415,79.733,169,79.7613,159.03
B7,82,1366.5998,5747.45,25.6642,25.6147,0.0495,79.8256,168,79.7904,162.97
B7,83,1264.6636,5728.17,25.6146,25.5688,0.0458,79.558,167,79.5335,154.43
B7,84,1271.8971,5689.8,25.6179,25.5719,0.046,79.025,166,79.0213,155.59
B7,85,1398.6938,5654.74,25.6793,25.6287,0.0506,78.538,165,78.5961,154.27
B7,86,1117.0493,5651.52,25.5425,25.5021,0.0404,78.4933,164,78.5098,159.14
B7,87,1041.2007,5637.89,25.5056,25.4679,0.0377,78.3041,163,78.3104,153.45
B7,88,1278.5731,5590.82,25.6206,25.5744,0.0462,77.6503,162,77.6831,153.0
B7,89,1290.8742,5589.98,25.6266,25.5799,0.0467,77.6386,161,77.636,150.72
B7,90,1079.1873,5575.05,25.5238,25.4848,0.039,77.4312,160,77.4839,152.28
B7,91,1149.718,5558.17,25.5579,25.5164,0.0416,77.1969,159,77.1673,150.04
B7,92,1154.2363,5550.14,25.5601,25.5184,0.0417,77.0853,158,77.0823,149.91
B7,93,1291.4954,5500.35,25.6264,25.5797,0.0467,76.3937,157,76.401,147.57
B7,94,1175.0404,5531.68,25.5701,25.5276,0.0425,76.8289,156,76.8142,146.42
B7,95,1124.2758,5520.32,25.5454,25.5048,0.0406,76.6711,155,76.6844,147.16
B7,96,1181.7001,5492.75,25.5731,25.5304,0.0427,76.2882,154,76.2932,145.84
B7,97,1160.8604,5450.56,25.5628,25.5208,0.0419,75.7023,153,75.6861,141.87
B7,98,1427.8475,5446.58,25.6922,25.6406,0.0516,75.647,152,75.6162,145.71
B7,99,1409.0945,5435.9,25.683,25.6321,0.0509,75.4986,151,75.4645,139.91
B7,100,1258.1634,5414.14,25.6097,25.5643,0.0454,75.1964,150,75.1896,140.29
B7,101,1140.6377,5401.39,25.5527,25.5115,0.0412,75.0193,149,75.029,141.5
B7,102,1063.7885,5404.22,25.5155,25.4771,0.0384,75.0587,148,75.0347,142.19
B7,103,1128.1775,5362.6,25.5464,25.5057,0.0407,74.4806,147,74.4599,134.84
B7,104,1236.4972,5346.49,25.5988,25.5542,0.0446,74.2568,146,74.2064,139.86
B7,105,1434.4737,5308.2,25.6944,25.6427,0.0517,73.725,145,73.7027,134.97
B7,106,1558.2981,5292.5,25.7542,25.698,0.0562,73.5069,144,73.5248,139.41
B7,107,1194.0787,5259.5,25.5777,25.5347,0.043,73.0486,143,73.0917,135.62
B7,108,1209.5599,5247.8,25.5851,25.5416,0.0436,72.8862,142,72.8803,134.69
B7,109,1335.1761,5265.46,25.646,25.5979,0.0481,73.1314,141,73.0903,135.59
B7,110,1057.9974,5239.46,25.5118,25.4736,0.0381,72.7702,140,72.7723,131.7
B7,111,1331.3034,5223.22,25.6438,25.5959,0.048,72.5447,139,72.5146,126.79
B7,112,1188.9057,5164.5,25.5746,25.5318,0.0428,71.7292,138,71.7394,125.53
B7,113,1217.6768,5197.04,25.5887,25.5449,0.0439,72.1811,137,72.1355,127.09
B7,114,1253.3165,5126.39,25.6054,25.5603,0.0451,71.1999,136,71.1809,123.18
B7,115,1079.6537,5136.9,25.5216,25.4828,0.0389,71.3458,135,71.3822,123.67
B7,116,1216.1701,5142.88,25.5876,25.5438,0.0438,71.4288,134,71.4168,126.77
B7,117,1473.972,5085.98,25.7116,25.6586,0.053,70.6386,133,70.6558,123.86
B7,118,1206.467,5077.34,25.5824,25.539,0.0434,70.5187,132,70.5407,123.89
B7,119,1227.0079,5087.23,25.5924,25.5483,0.0441,70.6559,131,70.5976,125.38
B7,120,1205.3441,5044.85,25.5816,25.5383,0.0433,70.0674,130,70.069,119.82
B7,121,1323.8917,5034.86,25.6388,25.5912,0.0476,69.9286,129,69.898,121.66
B7,122,1197.5536,4994.31,25.5775,25.5345,0.043,69.3654,128,69.3843,119.96
B7,123,1068.5167,4979.18,25.5151,25.4768,0.0384,69.1552,127,69.1987,114.28
B7,124,1159.7436,4990.13,25.5592,25.5176,0.0417,69.3073,126,69.3254,116.69
B7,125,1233.7207,4967.14,25.5947,25.5504,0.0443,68.988,125,68.93,112.02
B7,126,1257.8258,4934.6,25.606,25.5609,0.0451,68.5361,124,68.5526,110.43
B7,127,1211.1394,4901.5,25.5832,25.5398,0.0434,68.0764,123,68.043,112.23
B7,128,1194.2381,4888.98,25.575,25.5322,0.0428,67.9024,122,67.9285,111.83
B7,129,1665.1317,4853.41,25.8013,25.7416,0.0597,67.4085,121,67.4809,110.26
B7,130,1234.2181,4877.32,25.5941,25.5499,0.0443,67.7406,120,67.7249,110.19
B7,131,1216.3823,4814.35,25.585,25.5414,0.0436,66.866,119,66.9356,109.12
B7,132,1328.0137,4822.5,25.6387,25.5912,0.0476,66.9792,118,66.9591,107.66
B7,133,1188.1482,4780.8,25.5711,25.5285,0.0425,66.4001,117,66.4454,106.74
B7,134,1286.7656,4791.67,25.6186,25.5725,0.0461,66.5509,116,66.5407,106.16
B7,135,1052.7517,4776.29,25.5059,25.4683,0.0377,66.3374,115,66.3128,105.97
B7,136,1235.7139,4764.52,25.5938,25.5495,0.0442,66.1739,114,66.1534,102.66
B7,137,1410.6741,4731.95,25.6774,25.627,0.0505,65.7215,113,65.7423,103.56
B7,138,1150.7747,4751.13,25.5528,25.5116,0.0412,65.9879,112,65.976,103.4
B7,139,1159.2439,4684.57,25.5562,25.5148,0.0414,65.0634,111,65.1033,99.49
B7,140,1021.1115,4687.1,25.49,25.4535,0.0365,65.0986,110,65.1105,101.18
B7,141,1080.0319,4701.36,25.5184,25.4798,0.0386,65.2966,109,65.2397,102.92
B7,142,1104.6487,4647.45,25.5297,25.4902,0.0394,64.5479,108,64.5514,98.06
B7,143,1250.9096,4643.94,25.5998,25.5551,0.0447,64.4991,107,64.4949,94.58
B7,144,1224.8478,4605.86,25.5868,25.5431,0.0437,63.9703,106,64.0067,95.61
B7,145,1230.3708,4577.66,25.5892,25.5453,0.0439,63.5787,105,63.6178,97.33
B7,146,1376.9927,4544.06,25.6589,25.6099,0.0491,63.1119,104,63.1297,98.33
B7,147,1215.7788,4567.72,25.5821,25.5387,0.0433,63.4406,103,63.4043,96.61
B7,148,1054.9085,4558.29,25.5049,25.4673,0.0376,63.3096,102,63.2937,95.78
B7,149,1057.9104,4517.43,25.506,25.4683,0.0377,62.7421,101,62.7282,92.54
B7,150,1294.8965,4509.09,25.6192,25.5731,0.0461,62.6262,100,62.6612,90.23
B7,151,961.927,4483.11,25.4597,25.4255,0.0342,62.2653,99,62.2757,92.51
B7,152,1114.52,4476.27,25.5326,25.4929,0.0397,62.1704,98,62.2009,88.06
B7,153,1270.1092,4436.43,25.6064,25.5612,0.0452,61.617,97,61.6324,86.48
B7,154,1164.7199,4419.11,25.5558,25.5145,0.0414,61.3765,96,61.3819,88.19
B7,155,1551.6899,4422.19,25.7406,25.6854,0.0551,61.4193,95,61.4299,85.98
B7,156,1347.7262,4383.94,25.6427,25.5948,0.0479,60.888,94,60.8293,85.19
B7,157,1122.9823,4380.71,25.5355,25.4956,0.0399,60.8433,93,60.8087,82.55
B7,158,1451.9893,4331.8,25.6915,25.64,0.0515,60.1639,92,60.1718,81.36
B7,159,1263.866,4342.91,25.6021,25.5573,0.0448,60.3182,91,60.3074,83.17
B7,160,1035.743,4293.18,25.4928,25.4561,0.0367,59.6275,90,59.6052,84.49
B7,161,1186.0515,4286.65,25.5642,25.5222,0.042,59.5368,89,59.5555,80.2
B7,162,1225.9851,4306.25,25.5835,25.5401,0.0434,59.809,88,59.8436,79.62
B7,163,1207.7135,4262.06,25.5742,25.5314,0.0428,59.1953,87,59.2397,76.83
B7,164,1049.5695,4233.6,25.4986,25.4615,0.0371,58.8,86,58.8772,77.82
B7,165,1263.9831,4241.17,25.6006,25.5559,0.0447,58.9051,85,58.8719,77.26
B7,166,1206.6815,4194.47,25.5726,25.53,0.0426,58.2565,84,58.261,74.33
B7,167,1011.5824,4192.84,25.48,25.4443,0.0357,58.2339,83,58.243,72.8
B7,168,1194.1746,4179.4,25.5665,25.5243,0.0422,58.0473,82,58.0451,71.55
B7,169,1117.1339,4137.43,25.5293,25.4899,0.0394,57.4643,81,57.4628,75.32
B7,170,1368.8789,4126.84,25.6484,25.6001,0.0483,57.3173,80,57.31,72.64
B7,171,1127.1448,4131.55,25.534,25.4942,0.0398,57.3826,79,57.3455,69.74
B7,172,1107.5437,4120.21,25.5245,25.4854,0.0391,57.2252,78,57.1893,73.11
B7,173,1196.6782,4092.14,25.5662,25.5241,0.0422,56.8353,77,56.7869,67.02
B7,174,1195.5478,4067.71,25.5653,25.5232,0.0421,56.496,76,56.4653,66.06
B7,175,1268.3675,4046.88,25.5993,25.5547,0.0446,56.2067,75,56.2678,63.89
B7,176,1078.4245,4020.75,25.5092,25.4713,0.0379,55.8437,74,55.8266,60.95
B7,177,1193.5859,4008.88,25.5633,25.5214,0.0419,55.6789,73,55.7018,63.46
B7,178,1098.5604,4005.51,25.5184,25.4798,0.0386,55.632,72,55.6223,62.03
B7,179,1468.2379,3969.6,25.6921,25.6405,0.0515,55.1333,71,55.1589,61.63
B7,180,1264.8988,3983.83,25.5965,25.5521,0.0444,55.331,70,55.3012,61.55
B7,181,1104.077,3944.24,25.52,25.4813,0.0387,54.7811,69,54.7574,64.11
B7,182,1135.9838,3893.84,25.5341,25.4943,0.0398,54.081,68,54.1205,61.22
B7,183,1218.325,3912.76,25.5732,25.5305,0.0427,54.3439,67,54.3419,56.61
B7,184,1351.9925,3887.43,25.6355,25.5882,0.0473,53.992,66,53.9985,55.84
B7,185,1087.022,3886.7,25.5109,25.4729,0.038,53.982,65,53.9745,56.59
B7,186,1115.1757,3848.87,25.5234,25.4845,0.039,53.4566,64,53.4215,56.77
B7,187,1347.2405,3840.94,25.6322,25.5851,0.0471,53.3464,63,53.2935,55.74
B7,188,1328.3651,3827.14,25.623,25.5766,0.0464,53.1547,62,53.166,56.12
B7,189,1221.7314,3807.07,25.5725,25.5299,0.0426,52.876,61,52.8836,51.23
B7,190,1195.6536,3743.32,25.5589,25.5173,0.0416,51.9906,60,52.0469,50.28
B7,191,1172.8562,3756.76,25.5486,25.5077,0.0408,52.1773,59,52.1706,49.7
B7,192,1170.5062,3732.86,25.5469,25.5062,0.0407,51.8452,58,51.8484,48.52
B7,193,1289.2914,3715.19,25.602,25.5572,0.0448,51.5999,57,51.6186,49.56
B7,194,1292.1764,3716.81,25.6034,25.5585,0.0449,51.6224,56,51.6021,46.02
B7,195,1204.4124,3698.12,25.562,25.5201,0.0418,51.3628,55,51.3676,44.84
B7,196,1403.0792,3638.15,25.653,25.6044,0.0486,50.5299,54,50.5993,48.57
B7,197,1383.6056,3639.77,25.644,25.596,0.0479,50.5524,53,50.5752,42.87
B7,198,1199.4955,3612.64,25.5576,25.5161,0.0415,50.1756,52,50.1406,43.13
B7,199,1247.8961,3578.35,25.5792,25.5361,0.0431,49.6993,51,49.7463,38.49
B7,200,1405.5222,3608.59,25.6533,25.6046,0.0486,50.1193,50,50.1328,42.62
B7,201,1219.0685,3583.86,25.566,25.5238,0.0421,49.7759,49,49.784,41.33
B7,202,1306.0647,3530.35,25.6048,25.5598,0.045,49.0326,48,49.0111,38.91
B7,203,1271.9211,3511.41,25.5885,25.5447,0.0438,48.7696,47,48.8101,37.52
B7,204,1238.4325,3547.27,25.574,25.5313,0.0427,49.2677,46,49.3036,39.6
B7,205,1188.8526,3507.37,25.5499,25.509,0.0409,48.7134,45,48.6912,36.34
B7,206,1317.8193,3483.3,25.6088,25.5635,0.0453,48.3792,44,48.3716,37.24
B7,207,1476.4788,3478.4,25.682,25.6312,0.0507,48.3111,43,48.2937,37.47
B7,208,1421.0228,3456.35,25.6556,25.6068,0.0488,48.0049,42,47.9838,36.67
B7,209,1178.2293,3423.6,25.5427,25.5023,0.0404,47.55,41,47.555,34.58
B7,210,1249.4438,3439.7,25.576,25.5331,0.0429,47.7736,40,47.7291,33.47
B7,211,1013.5577,3345.57,25.4648,25.4302,0.0346,46.4663,39,46.5393,29.14
B7,212,1157.4144,3411.73,25.5327,25.4931,0.0396,47.3851,38,47.3361,30.59
B7,213,1130.4978,3346.61,25.5185,25.4799,0.0386,46.4807,37,46.4886,30.8
B7,214,1314.323,3336.36,25.6024,25.5576,0.0448,46.3384,36,46.3616,27.54
B7,215,1117.6253,3310.72,25.5115,25.4735,0.0381,45.9822,35,46.0749,29.77
B7,216,1357.4947,3325.24,25.6218,25.5756,0.0463,46.1839,34,46.2095,27.02
B7,217,1234.4933,3282.29,25.5641,25.5221,0.042,45.5873,33,45.5705,28.65
B7,218,1187.8826,3248.0,25.5416,25.5013,0.0403,45.1112,32,45.113,27.86
B7,219,1137.2272,3244.29,25.5184,25.4799,0.0386,45.0596,31,45.0474,23.45
B7,220,1299.6683,3263.79,25.5932,25.5491,0.0441,45.3305,30,45.3048,25.57
B7,221,1348.0691,3197.78,25.6127,25.5672,0.0456,44.4136,29,44.5407,25.41
B7,222,1525.7245,3227.39,25.6948,25.6431,0.0517,44.8248,28,44.7393,27.55
B7,223,1057.4393,3178.02,25.48,25.4443,0.0357,44.1392,27,44.2256,24.78
B7,224,1077.0114,3193.36,25.4894,25.453,0.0364,44.3523,26,44.3063,22.95
B7,225,1196.2262,3140.23,25.5416,25.5014,0.0403,43.6143,25,43.7136,24.43
B7,226,1376.9226,3141.94,25.6235,25.5772,0.0464,43.6381,24,43.5949,23.24
B7,227,1120.366,3117.31,25.5065,25.4688,0.0377,43.296,23,43.3932,20.75
B7,228,1455.4878,3072.05,25.6559,25.6071,0.0488,42.6674,22,42.7111,23.38
B7,229,1297.0946,3069.77,25.5844,25.5409,0.0435,42.6357,21,42.5895,21.84
B7,230,1162.172,3059.58,25.5232,25.4843,0.0389,42.4942,20,42.5335,19.4
B7,231,1135.76,3065.5,25.5116,25.4735,0.038,42.5764,19,42.5687,18.84
B7,232,1371.8875,3024.55,25.616,25.5702,0.0458,42.0076,18,42.0592,18.89
B7,233,1203.3926,3003.35,25.5395,25.4994,0.0401,41.7131,17,41.7972,17.79
B7,234,1376.5629,2954.52,25.6148,25.5691,0.0457,41.035,16,41.0656,14.89
B7,235,1042.522,2974.2,25.4663,25.4317,0.0347,41.3084,15,41.1944,15.29
B7,236,1239.91,2938.9,25.5531,25.5119,0.0411,40.818,14,40.8999,15.59
B7,237,1235.2821,2934.1,25.5508,25.5098,0.0409,40.7513,13,40.7914,12.72
B7,238,1343.4404,2917.82,25.5982,25.5537,0.0445,40.5252,12,40.5291,12.72
B7,239,1143.3664,2910.02,25.5088,25.471,0.0378,40.4169,11,40.4251,10.21
B7,240,1234.1485,2898.66,25.5486,25.5079,0.0408,40.2592,10,40.3183,10.42
B7,241,1385.4615,2852.15,25.6134,25.5679,0.0456,39.6132,9,39.7256,9.87
B7,242,1339.3816,2865.96,25.5938,25.5496,0.0441,39.8051,8,39.6644,9.69
B7,243,1222.7336,2837.29,25.5407,25.5005,0.0402,39.4069,7,39.4235,8.76
B7,244,1081.4446,2811.05,25.4771,25.4416,0.0355,39.0424,6,38.9927,7.82
B7,245,1338.5943,2801.91,25.59,25.5462,0.0439,38.9154,5,38.9526,6.05
B7,246,1255.0608,2743.09,25.5501,25.5092,0.0409,38.0985,4,38.2642,4.99
B7,247,1176.4955,2757.25,25.5164,25.478,0.0384,38.2951,3,38.2103,4.13
B7,248,1170.4326,2743.24,25.513,25.4749,0.0381,38.1005,2,38.1185,3.96
B7,249,1184.5358,2726.8,25.5184,25.4799,0.0385,37.8722,1,37.9566,4.88
B7,250,1075.6673,2703.5,25.4696,25.4348,0.0349,37.5486,0,37.7705,3.39
